Date,High,Low,Open,Close,Volume,Adj Close,ticker
2018-01-02,83.6500015258789,82.87000274658203,82.98999786376953,83.61000061035156,6708900.0,78.51480102539062,XLV
2018-01-03,84.47000122070312,83.36000061035156,83.5999984741211,84.41000366210938,7606500.0,79.26605224609375,XLV
2018-01-04,84.83999633789062,84.31999969482422,84.68000030517578,84.52999877929688,7762500.0,79.3787612915039,XLV
2018-01-05,85.33000183105469,84.63999938964844,84.80000305175781,85.25,7579300.0,80.05487060546875,XLV
2018-01-08,85.26000213623047,84.51000213623047,85.1500015258789,84.94000244140625,5167300.0,79.7637710571289,XLV
2018-01-09,86.12000274658203,85.12000274658203,85.19999694824219,85.94000244140625,6962900.0,80.70282745361328,XLV
2018-01-10,85.80999755859375,85.1500015258789,85.6500015258789,85.79000091552734,10835800.0,80.56195831298828,XLV
2018-01-11,86.18000030517578,85.69999694824219,85.94000244140625,86.16000366210938,4247800.0,80.90940856933594,XLV
2018-01-12,86.91999816894531,86.25,86.31999969482422,86.81999969482422,5391700.0,81.52918243408203,XLV
2018-01-16,87.94999694824219,87.11000061035156,87.36000061035156,87.25,8920000.0,81.9329833984375,XLV
2018-01-17,88.27999877929688,87.43000030517578,87.6500015258789,88.08999633789062,7214600.0,82.72178649902344,XLV
2018-01-18,88.19999694824219,87.5999984741211,88.0999984741211,88.11000061035156,7954800.0,82.74058532714844,XLV
2018-01-19,88.47000122070312,88.0,88.44999694824219,88.44000244140625,4802400.0,83.05047607421875,XLV
2018-01-22,89.06999969482422,88.25,88.41000366210938,89.0199966430664,11152500.0,83.59512329101562,XLV
2018-01-23,89.18000030517578,88.51000213623047,89.01000213623047,88.58999633789062,7637600.0,83.19132232666016,XLV
2018-01-24,89.18000030517578,88.54000091552734,89.02999877929688,88.8499984741211,8291100.0,83.43547821044922,XLV
2018-01-25,89.69999694824219,88.94000244140625,89.27999877929688,89.61000061035156,6339300.0,84.1491470336914,XLV
2018-01-26,91.55999755859375,90.0,90.0199966430664,91.54000091552734,9784400.0,85.9615478515625,XLV
2018-01-29,91.79000091552734,91.27999877929688,91.30000305175781,91.29000091552734,12643800.0,85.72677612304688,XLV
2018-01-30,90.11000061035156,89.22000122070312,89.48999786376953,89.37000274658203,14270600.0,83.92378997802734,XLV
2018-01-31,90.08999633789062,87.79000091552734,89.83000183105469,88.0999984741211,15858400.0,82.731201171875,XLV
2018-02-01,88.52999877929688,87.54000091552734,87.76000213623047,88.12999725341797,12848700.0,82.75935363769531,XLV
2018-02-02,88.18000030517578,86.87000274658203,87.41000366210938,86.88999938964844,10539200.0,81.59490966796875,XLV
2018-02-05,86.98999786376953,82.37000274658203,86.45999908447266,83.04000091552734,34979800.0,77.97955322265625,XLV
2018-02-06,84.31999969482422,81.4000015258789,81.44000244140625,83.95999908447266,33313400.0,78.84347534179688,XLV
2018-02-07,85.04000091552734,83.43000030517578,83.72000122070312,83.86000061035156,17338000.0,78.74958038330078,XLV
2018-02-08,84.11000061035156,80.87999725341797,83.83999633789062,80.94999694824219,20252500.0,76.01689147949219,XLV
2018-02-09,82.80000305175781,79.55999755859375,81.69000244140625,82.0999984741211,35535700.0,77.09681701660156,XLV
2018-02-12,83.51000213623047,81.88999938964844,82.62999725341797,82.87000274658203,13389200.0,77.81990051269531,XLV
2018-02-13,83.12000274658203,81.87999725341797,82.38999938964844,82.93000030517578,8415200.0,77.87625122070312,XLV
2018-02-14,84.0199966430664,82.31999969482422,82.4000015258789,83.87000274658203,10110800.0,78.75896453857422,XLV
2018-02-15,84.83000183105469,83.58999633789062,84.44000244140625,84.80000305175781,9519100.0,79.63228607177734,XLV
2018-02-16,86.01000213623047,84.37999725341797,84.37999725341797,85.41000366210938,9323000.0,80.20512390136719,XLV
2018-02-20,85.27999877929688,84.2300033569336,85.0,84.47000122070312,8872100.0,79.3223876953125,XLV
2018-02-21,85.58999633789062,84.11000061035156,84.45999908447266,84.12000274658203,9417400.0,78.99372100830078,XLV
2018-02-22,84.98999786376953,83.79000091552734,84.38999938964844,83.98999786376953,6316100.0,78.87164306640625,XLV
2018-02-23,85.36000061035156,84.12000274658203,84.48999786376953,85.33000183105469,5498500.0,80.1299819946289,XLV
2018-02-26,86.51000213623047,85.4800033569336,85.4800033569336,86.41000366210938,6266100.0,81.14418029785156,XLV
2018-02-27,86.69999694824219,85.51000213623047,86.41000366210938,85.51000213623047,7460700.0,80.29901885986328,XLV
2018-02-28,85.9000015258789,84.12000274658203,85.79000091552734,84.13999938964844,6279000.0,79.01252746582031,XLV
2018-03-01,84.41999816894531,82.16999816894531,83.98999786376953,82.80000305175781,12720300.0,77.75418090820312,XLV
2018-03-02,83.81999969482422,82.33999633789062,82.3499984741211,83.63999938964844,11206000.0,78.54297637939453,XLV
2018-03-05,84.6500015258789,83.08000183105469,83.26000213623047,84.4000015258789,11028800.0,79.25665283203125,XLV
2018-03-06,84.7300033569336,83.86000061035156,84.58999633789062,84.27999877929688,9573300.0,79.14399719238281,XLV
2018-03-07,84.80000305175781,83.52999877929688,83.55999755859375,84.70999908447266,6868200.0,79.54776000976562,XLV
2018-03-08,85.3499984741211,84.80000305175781,84.94000244140625,85.27999877929688,6403000.0,80.0830307006836,XLV
2018-03-09,86.54000091552734,85.4800033569336,85.80000305175781,86.51000213623047,8253100.0,81.23809051513672,XLV
2018-03-12,86.66999816894531,86.04000091552734,86.54000091552734,86.13999938964844,5760200.0,80.890625,XLV
2018-03-13,86.8499984741211,86.05999755859375,86.47000122070312,86.25,6400700.0,80.99392700195312,XLV
2018-03-14,86.75,85.55000305175781,86.55000305175781,85.83000183105469,9416400.0,80.59953308105469,XLV
2018-03-15,86.37999725341797,85.58000183105469,86.12999725341797,85.69000244140625,5883100.0,80.46806335449219,XLV
2018-03-16,85.8499984741211,85.37999725341797,85.37999725341797,85.38999938964844,7067700.0,80.46804809570312,XLV
2018-03-19,85.33999633789062,83.33000183105469,85.2300033569336,84.01000213623047,7190200.0,79.1675796508789,XLV
2018-03-20,84.43000030517578,83.6500015258789,84.19999694824219,84.12999725341797,5534400.0,79.28067016601562,XLV
2018-03-21,84.7300033569336,83.69999694824219,84.2699966430664,83.7699966430664,5498700.0,78.94142150878906,XLV
2018-03-22,83.0199966430664,81.22000122070312,82.95999908447266,81.36000061035156,14648500.0,76.67033386230469,XLV
2018-03-23,81.61000061035156,79.61000061035156,81.44000244140625,79.66999816894531,11049000.0,75.0777587890625,XLV
2018-03-26,81.43000030517578,79.6500015258789,80.56999969482422,81.31999969482422,9183500.0,76.63264465332031,XLV
2018-03-27,81.8499984741211,79.9000015258789,81.61000061035156,80.36000061035156,10948400.0,75.72798156738281,XLV
2018-03-28,81.56999969482422,80.4800033569336,80.58999633789062,80.79000091552734,10146800.0,76.13320922851562,XLV
2018-03-29,81.98999786376953,80.66999816894531,81.22000122070312,81.4000015258789,6914900.0,76.70804595947266,XLV
2018-04-02,81.4800033569336,78.73999786376953,81.05999755859375,79.55000305175781,11364900.0,74.96468353271484,XLV
2018-04-03,80.91000366210938,79.48999786376953,79.9800033569336,80.76000213623047,8590700.0,76.10493469238281,XLV
2018-04-04,82.13999938964844,79.79000091552734,79.79000091552734,81.91000366210938,9085800.0,77.18864440917969,XLV
2018-04-05,82.2699966430664,81.54000091552734,82.19999694824219,81.8499984741211,8031300.0,77.13208770751953,XLV
2018-04-06,81.56999969482422,79.16000366210938,81.16999816894531,79.87999725341797,12171800.0,75.27565002441406,XLV
2018-04-09,81.79000091552734,80.08000183105469,80.30999755859375,80.66999816894531,6952600.0,76.02012634277344,XLV
2018-04-10,82.3499984741211,81.19000244140625,81.47000122070312,82.02999877929688,8097800.0,77.30172729492188,XLV
2018-04-11,81.91000366210938,81.25,81.41999816894531,81.36000061035156,6205800.0,76.67033386230469,XLV
2018-04-12,82.30000305175781,81.73999786376953,81.80000305175781,81.91000366210938,5096900.0,77.18864440917969,XLV
2018-04-13,82.37000274658203,81.43000030517578,82.30000305175781,81.87000274658203,7837000.0,77.15095520019531,XLV
2018-04-16,82.81999969482422,82.27999877929688,82.47000122070312,82.5199966430664,7217200.0,77.76347351074219,XLV
2018-04-17,83.33999633789062,82.72000122070312,83.1500015258789,83.16000366210938,6500900.0,78.3666000366211,XLV
2018-04-18,83.5199966430664,82.83000183105469,83.37000274658203,83.2300033569336,4704500.0,78.43256378173828,XLV
2018-04-19,83.16000366210938,82.2300033569336,83.08000183105469,82.52999877929688,5833600.0,77.77291107177734,XLV
2018-04-20,82.72000122070312,81.81999969482422,82.5999984741211,82.08999633789062,5250500.0,77.35826110839844,XLV
2018-04-23,82.66999816894531,82.0999984741211,82.30999755859375,82.41000366210938,9257300.0,77.65982818603516,XLV
2018-04-24,82.7300033569336,81.16999816894531,82.66999816894531,81.79000091552734,8904800.0,77.0755615234375,XLV
2018-04-25,82.19999694824219,81.12000274658203,81.69000244140625,82.16000366210938,8068800.0,77.42423248291016,XLV
2018-04-26,83.5199966430664,82.4000015258789,82.4000015258789,83.19999694824219,9463300.0,78.4042739868164,XLV
2018-04-27,83.66999816894531,82.95999908447266,83.13999938964844,83.54000091552734,6663300.0,78.72469329833984,XLV
2018-04-30,83.94999694824219,82.25,83.9000015258789,82.26000213623047,7241000.0,77.51847076416016,XLV
2018-05-01,82.44999694824219,81.52999877929688,82.16000366210938,82.22000122070312,8498000.0,77.48076629638672,XLV
2018-05-02,81.8499984741211,80.91000366210938,81.79000091552734,81.08999633789062,11594300.0,76.41590881347656,XLV
2018-05-03,80.7300033569336,79.30999755859375,80.72000122070312,80.36000061035156,13524100.0,75.72798156738281,XLV
2018-05-04,81.2699966430664,79.80999755859375,80.12000274658203,81.0,7889500.0,76.33110046386719,XLV
2018-05-07,81.58000183105469,80.66999816894531,81.26000213623047,80.87999725341797,5886700.0,76.21800994873047,XLV
2018-05-08,80.75,79.79000091552734,80.68000030517578,80.2699966430664,9522300.0,75.64317321777344,XLV
2018-05-09,81.08000183105469,79.9800033569336,80.41999816894531,80.7300033569336,11340200.0,76.07667541503906,XLV
2018-05-10,82.16999816894531,81.02999877929688,81.06999969482422,81.80999755859375,7845500.0,77.09440612792969,XLV
2018-05-11,83.19000244140625,81.7300033569336,81.87999725341797,83.02999877929688,10434000.0,78.24408721923828,XLV
2018-05-14,83.93000030517578,83.01000213623047,83.18000030517578,83.58000183105469,11837600.0,78.76240539550781,XLV
2018-05-15,83.12999725341797,82.2300033569336,83.02999877929688,82.5,8806800.0,77.74463653564453,XLV
2018-05-16,83.25,82.44999694824219,82.45999908447266,82.95999908447266,7013600.0,78.17811584472656,XLV
2018-05-17,83.12999725341797,82.5199966430664,82.87999725341797,82.98999786376953,6610400.0,78.20639038085938,XLV
2018-05-18,83.37000274658203,82.7699966430664,83.05000305175781,83.19999694824219,5838900.0,78.4042739868164,XLV
2018-05-21,83.75,83.16000366210938,83.58999633789062,83.27999877929688,6406500.0,78.47967529296875,XLV
2018-05-22,83.55000305175781,82.98999786376953,83.44999694824219,83.12000274658203,5770200.0,78.32888793945312,XLV
2018-05-23,83.41999816894531,82.66999816894531,82.7699966430664,83.38999938964844,8360500.0,78.58332824707031,XLV
2018-05-24,83.4800033569336,82.69000244140625,83.33999633789062,83.05999755859375,7166500.0,78.27234649658203,XLV
2018-05-25,83.45999908447266,82.80000305175781,83.08999633789062,82.94000244140625,6853300.0,78.1592788696289,XLV
2018-05-29,82.55000305175781,81.56999969482422,82.4000015258789,82.08999633789062,18236800.0,77.35826110839844,XLV
2018-05-30,83.51000213623047,82.55999755859375,82.6500015258789,83.31999969482422,13167700.0,78.51737213134766,XLV
2018-05-31,83.2300033569336,82.37999725341797,83.16000366210938,82.41000366210938,11543500.0,77.65982818603516,XLV
2018-06-01,83.38999938964844,82.6500015258789,82.73999786376953,83.36000061035156,8037800.0,78.55506896972656,XLV
2018-06-04,83.79000091552734,83.19000244140625,83.45999908447266,83.66999816894531,7230800.0,78.84719848632812,XLV
2018-06-05,83.87999725341797,83.0999984741211,83.69999694824219,83.5,5444400.0,78.6869888305664,XLV
2018-06-06,84.52999877929688,83.44999694824219,83.79000091552734,84.44000244140625,7218900.0,79.57279205322266,XLV
2018-06-07,84.7699966430664,84.13999938964844,84.69000244140625,84.55000305175781,7405600.0,79.67648315429688,XLV
2018-06-08,85.0999984741211,84.37999725341797,84.5199966430664,85.04000091552734,6247100.0,80.13822937011719,XLV
2018-06-11,85.61000061035156,84.8499984741211,85.05000305175781,85.19999694824219,7074400.0,80.28900909423828,XLV
2018-06-12,85.29000091552734,84.7699966430664,85.29000091552734,85.1500015258789,6829200.0,80.24188232421875,XLV
2018-06-13,85.72000122070312,85.05999755859375,85.30000305175781,85.16999816894531,10379200.0,80.26073455810547,XLV
2018-06-14,85.66000366210938,85.0999984741211,85.33999633789062,85.61000061035156,9379800.0,80.67537689208984,XLV
2018-06-15,85.5,84.80000305175781,85.19000244140625,85.45999908447266,9349300.0,80.83238983154297,XLV
2018-06-18,84.94000244140625,84.29000091552734,84.94000244140625,84.63999938964844,7342600.0,80.05677795410156,XLV
2018-06-19,84.88999938964844,83.93000030517578,84.05999755859375,84.86000061035156,6431700.0,80.2648696899414,XLV
2018-06-20,85.23999786376953,84.79000091552734,84.97000122070312,85.04000091552734,5900800.0,80.43513488769531,XLV
2018-06-21,84.97000122070312,84.3499984741211,84.95999908447266,84.55000305175781,7423400.0,79.97166442871094,XLV
2018-06-22,85.26000213623047,84.63999938964844,84.86000061035156,84.93000030517578,9829800.0,80.33108520507812,XLV
2018-06-25,84.94000244140625,83.51000213623047,84.61000061035156,84.1500015258789,9925100.0,79.59332275390625,XLV
2018-06-26,84.27999877929688,83.77999877929688,84.22000122070312,83.88999938964844,5560100.0,79.34740447998047,XLV
2018-06-27,84.31999969482422,83.12000274658203,83.88999938964844,83.18000030517578,7420500.0,78.67584228515625,XLV
2018-06-28,83.5,82.29000091552734,82.87000274658203,83.29000091552734,9026900.0,78.77989196777344,XLV
2018-06-29,84.19999694824219,83.4000015258789,83.55000305175781,83.45999908447266,6479300.0,78.94068908691406,XLV
2018-07-02,83.7699966430664,82.72000122070312,83.0,83.72000122070312,9364700.0,79.18659210205078,XLV
2018-07-03,84.30999755859375,83.69999694824219,84.0199966430664,83.91999816894531,3023100.0,79.37576293945312,XLV
2018-07-05,84.87999725341797,84.11000061035156,84.30999755859375,84.79000091552734,7458600.0,80.19866180419922,XLV
2018-07-06,86.16000366210938,85.0999984741211,85.19999694824219,86.01000213623047,9822500.0,81.35260772705078,XLV
2018-07-09,86.80999755859375,86.31999969482422,86.3499984741211,86.63999938964844,7874400.0,81.948486328125,XLV
2018-07-10,87.01000213623047,86.58000183105469,86.80999755859375,86.97000122070312,6122900.0,82.26060485839844,XLV
2018-07-11,86.58999633789062,86.22000122070312,86.5,86.27999877929688,6434500.0,81.60798645019531,XLV
2018-07-12,87.30000305175781,86.66000366210938,86.70999908447266,87.23999786376953,4461600.0,82.51599884033203,XLV
2018-07-13,87.58999633789062,87.0,87.05000305175781,87.4000015258789,6048700.0,82.66732788085938,XLV
2018-07-16,87.47000122070312,86.75,87.47000122070312,86.87000274658203,5388500.0,82.16602325439453,XLV
2018-07-17,87.4800033569336,86.80000305175781,86.83999633789062,87.3499984741211,5849300.0,82.62002563476562,XLV
2018-07-18,87.44000244140625,87.11000061035156,87.37000274658203,87.41999816894531,7575700.0,82.6862564086914,XLV
2018-07-19,87.38999938964844,86.55000305175781,87.20999908447266,86.93000030517578,5204000.0,82.2227783203125,XLV
2018-07-20,86.88999938964844,86.51000213623047,86.69000244140625,86.76000213623047,4822600.0,82.0619888305664,XLV
2018-07-23,87.05000305175781,86.61000061035156,86.70999908447266,86.94000244140625,3824600.0,82.23225402832031,XLV
2018-07-24,87.87999725341797,87.33999633789062,87.4000015258789,87.7300033569336,6467100.0,82.9794692993164,XLV
2018-07-25,88.87000274658203,87.58999633789062,87.68000030517578,88.8499984741211,9285900.0,84.038818359375,XLV
2018-07-26,88.91000366210938,88.41000366210938,88.69999694824219,88.5999984741211,5763000.0,83.8023452758789,XLV
2018-07-27,88.63999938964844,87.63999938964844,88.63999938964844,87.95999908447266,5742900.0,83.1969985961914,XLV
2018-07-30,88.18000030517578,87.75,87.88999938964844,88.01000213623047,5531200.0,83.24430847167969,XLV
2018-07-31,89.05000305175781,88.19999694824219,88.33000183105469,88.93000030517578,6719100.0,84.1144790649414,XLV
2018-08-01,89.27999877929688,88.87999725341797,88.87999725341797,88.94999694824219,5733000.0,84.13339233398438,XLV
2018-08-02,89.47000122070312,88.52999877929688,88.56999969482422,89.27999877929688,5666200.0,84.4455337524414,XLV
2018-08-03,89.87999725341797,89.2300033569336,89.3499984741211,89.80999755859375,5884800.0,84.94683837890625,XLV
2018-08-06,90.16999816894531,89.44000244140625,89.76000213623047,89.97000122070312,4751100.0,85.09815979003906,XLV
2018-08-07,90.27999877929688,89.86000061035156,89.9800033569336,89.9800033569336,5170300.0,85.10762023925781,XLV
2018-08-08,90.25,89.79000091552734,89.98999786376953,90.12000274658203,5020400.0,85.24004364013672,XLV
2018-08-09,90.37999725341797,89.93000030517578,90.12999725341797,90.0199966430664,5680300.0,85.14545440673828,XLV
2018-08-10,90.16000366210938,89.31999969482422,89.69000244140625,89.62999725341797,5389500.0,84.77658081054688,XLV
2018-08-13,90.08999633789062,89.43000030517578,89.7300033569336,89.66000366210938,6563900.0,84.8049545288086,XLV
2018-08-14,90.23999786376953,89.69999694824219,89.79000091552734,90.08000183105469,5497700.0,85.20221710205078,XLV
2018-08-15,90.04000091552734,89.36000061035156,89.80000305175781,89.93000030517578,6840600.0,85.06034088134766,XLV
2018-08-16,90.93000030517578,90.08000183105469,90.19000244140625,90.80999755859375,6916700.0,85.89268493652344,XLV
2018-08-17,91.37000274658203,90.52999877929688,90.73999786376953,91.08999633789062,5455300.0,86.15751647949219,XLV
2018-08-20,91.55999755859375,91.25,91.30000305175781,91.38999938964844,8144900.0,86.44127655029297,XLV
2018-08-21,91.66000366210938,91.19999694824219,91.62000274658203,91.38999938964844,6395900.0,86.44127655029297,XLV
2018-08-22,91.68000030517578,91.06999969482422,91.18000030517578,91.4800033569336,3954300.0,86.52640533447266,XLV
2018-08-23,91.66999816894531,91.2300033569336,91.43000030517578,91.44999694824219,6058300.0,86.4980239868164,XLV
2018-08-24,91.88999938964844,91.48999786376953,91.66000366210938,91.88999938964844,4028900.0,86.91419219970703,XLV
2018-08-27,92.29000091552734,91.83000183105469,92.22000122070312,92.22000122070312,4671300.0,87.22633361816406,XLV
2018-08-28,92.38999938964844,92.06999969482422,92.36000061035156,92.2699966430664,4954100.0,87.27363586425781,XLV
2018-08-29,92.97000122070312,92.19000244140625,92.29000091552734,92.87000274658203,5338500.0,87.84113311767578,XLV
2018-08-30,93.11000061035156,92.5999984741211,92.80000305175781,92.80000305175781,5266100.0,87.7749252319336,XLV
2018-08-31,92.86000061035156,92.4000015258789,92.58000183105469,92.77999877929688,5808100.0,87.75599670410156,XLV
2018-09-04,92.76000213623047,91.81999969482422,92.69999694824219,92.04000091552734,6875500.0,87.05606842041016,XLV
2018-09-05,92.41000366210938,91.80000305175781,91.97000122070312,92.41000366210938,10218900.0,87.40603637695312,XLV
2018-09-06,92.5999984741211,91.8499984741211,92.4000015258789,92.41000366210938,5940300.0,87.40603637695312,XLV
2018-09-07,92.63999938964844,92.05000305175781,92.19000244140625,92.55000305175781,5591100.0,87.53845977783203,XLV
2018-09-10,92.94999694824219,92.22000122070312,92.77999877929688,92.30999755859375,4234000.0,87.31146240234375,XLV
2018-09-11,92.41000366210938,91.83999633789062,92.1500015258789,92.2300033569336,5683900.0,87.23580169677734,XLV
2018-09-12,92.86000061035156,92.11000061035156,92.29000091552734,92.69000244140625,11056600.0,87.67088317871094,XLV
2018-09-13,93.83999633789062,93.0,93.08999633789062,93.83999633789062,10603800.0,88.75861358642578,XLV
2018-09-14,93.91999816894531,93.36000061035156,93.91999816894531,93.52999877929688,5929000.0,88.46540069580078,XLV
2018-09-17,93.54000091552734,93.08000183105469,93.52999877929688,93.19000244140625,5543000.0,88.14380645751953,XLV
2018-09-18,93.97000122070312,93.05000305175781,93.19000244140625,93.7300033569336,5422900.0,88.65457916259766,XLV
2018-09-19,93.87000274658203,93.5,93.66999816894531,93.5999984741211,4186600.0,88.53160858154297,XLV
2018-09-20,94.56999969482422,93.80999755859375,93.87000274658203,94.51000213623047,5083000.0,89.39234161376953,XLV
2018-09-21,94.4800033569336,94.06999969482422,94.38999938964844,94.2699966430664,8579100.0,89.51290893554688,XLV
2018-09-24,94.6500015258789,94.08000183105469,94.20999908447266,94.45999908447266,5392600.0,89.69332122802734,XLV
2018-09-25,94.7300033569336,94.06999969482422,94.58999633789062,94.16999816894531,5215900.0,89.41796875,XLV
2018-09-26,95.12000274658203,94.18000030517578,94.3499984741211,94.37999725341797,10880500.0,89.61737060546875,XLV
2018-09-27,95.12000274658203,94.4000015258789,94.51000213623047,94.86000061035156,7168800.0,90.07315063476562,XLV
2018-09-28,95.20999908447266,94.62999725341797,94.66999816894531,95.1500015258789,5995800.0,90.34851837158203,XLV
2018-10-01,96.05999755859375,95.33999633789062,95.51000213623047,95.62000274658203,7307100.0,90.7947998046875,XLV
2018-10-02,95.69999694824219,95.33000183105469,95.62000274658203,95.51000213623047,5572700.0,90.6903305053711,XLV
2018-10-03,96.0,95.18000030517578,95.83000183105469,95.33000183105469,6367500.0,90.5194320678711,XLV
2018-10-04,95.30000305175781,93.91000366210938,95.26000213623047,94.4000015258789,10976400.0,89.6363525390625,XLV
2018-10-05,94.97000122070312,93.69999694824219,94.4800033569336,94.29000091552734,12291000.0,89.53192138671875,XLV
2018-10-08,94.5199966430664,93.45999908447266,94.16999816894531,94.25,11924000.0,89.49392700195312,XLV
2018-10-09,94.73999786376953,93.70999908447266,94.0,94.41000366210938,7463900.0,89.64586639404297,XLV
2018-10-10,94.51000213623047,92.12000274658203,94.4000015258789,92.18000030517578,22549300.0,87.52838134765625,XLV
2018-10-11,92.13999938964844,89.04000091552734,91.93000030517578,89.69000244140625,46581800.0,85.16404724121094,XLV
2018-10-12,91.41000366210938,90.0199966430664,90.7699966430664,91.06999969482422,20797300.0,86.4743881225586,XLV
2018-10-15,91.31999969482422,90.37000274658203,90.91999816894531,90.44000244140625,13909700.0,85.8761978149414,XLV
2018-10-16,93.08000183105469,91.12999725341797,91.13999938964844,92.91999816894531,13505900.0,88.23104858398438,XLV
2018-10-17,93.63999938964844,92.38999938964844,92.86000061035156,93.41000366210938,14232300.0,88.6963119506836,XLV
2018-10-18,93.37000274658203,91.61000061035156,93.36000061035156,92.3499984741211,14455600.0,87.68980407714844,XLV
2018-10-19,92.83000183105469,91.38999938964844,92.51000213623047,91.51000213623047,11318600.0,86.89219665527344,XLV
2018-10-22,91.66999816894531,90.33999633789062,91.5,90.76000213623047,8288300.0,86.18002319335938,XLV
2018-10-23,90.70999908447266,88.87999725341797,89.5999984741211,90.2699966430664,15424500.0,85.71478271484375,XLV
2018-10-24,90.75,87.18000030517578,90.2300033569336,87.29000091552734,17431900.0,82.8851547241211,XLV
2018-10-25,89.02999877929688,86.2699966430664,87.27999877929688,88.41999816894531,15725100.0,83.95812225341797,XLV
2018-10-26,88.22000122070312,86.3499984741211,87.5999984741211,87.41999816894531,25507900.0,83.00859069824219,XLV
2018-10-29,89.08000183105469,86.41000366210938,88.43000030517578,87.63999938964844,14024300.0,83.21747589111328,XLV
2018-10-30,88.72000122070312,87.19999694824219,87.6500015258789,88.58000183105469,15432000.0,84.11003875732422,XLV
2018-10-31,89.6500015258789,88.62999725341797,89.29000091552734,88.69999694824219,13460700.0,84.22398376464844,XLV
2018-11-01,89.97000122070312,88.97000122070312,89.0,89.81999969482422,9668500.0,85.28748321533203,XLV
2018-11-02,90.83999633789062,88.66999816894531,90.69000244140625,89.26000213623047,12953000.0,84.75572967529297,XLV
2018-11-05,90.44999694824219,89.37999725341797,89.37999725341797,90.05000305175781,7783500.0,85.50587463378906,XLV
2018-11-06,90.61000061035156,89.80000305175781,89.93000030517578,90.51000213623047,7980500.0,85.94265747070312,XLV
2018-11-07,93.25,91.29000091552734,91.3499984741211,93.16999816894531,13310600.0,88.4684066772461,XLV
2018-11-08,93.55999755859375,92.87000274658203,93.0,93.22000122070312,7345600.0,88.51591491699219,XLV
2018-11-09,93.26000213623047,92.5,93.11000061035156,92.94999694824219,8486500.0,88.25953674316406,XLV
2018-11-12,92.94999694824219,91.4800033569336,92.80999755859375,91.69000244140625,8423200.0,87.06312561035156,XLV
2018-11-13,92.37000274658203,90.77999877929688,92.0,91.05000305175781,14227000.0,86.45541381835938,XLV
2018-11-14,91.62000274658203,89.88999938964844,91.61000061035156,90.31999969482422,11664000.0,85.76224517822266,XLV
2018-11-15,91.2300033569336,88.83000183105469,89.68000030517578,91.12000274658203,15563900.0,86.5218734741211,XLV
2018-11-16,92.4800033569336,90.91000366210938,90.95999908447266,92.04000091552734,11323200.0,87.39543914794922,XLV
2018-11-19,92.19000244140625,90.47000122070312,92.12999725341797,90.87000274658203,8821000.0,86.28449249267578,XLV
2018-11-20,90.97000122070312,89.80999755859375,90.30000305175781,90.0199966430664,11604300.0,85.47737884521484,XLV
2018-11-21,90.31999969482422,89.48999786376953,90.30999755859375,89.51000213623047,9345100.0,84.99311828613281,XLV
2018-11-23,90.18000030517578,88.9800033569336,89.02999877929688,89.63999938964844,3939500.0,85.11656188964844,XLV
2018-11-26,90.75,89.9800033569336,90.36000061035156,90.51000213623047,7141200.0,85.94265747070312,XLV
2018-11-27,91.44999694824219,89.87999725341797,90.20999908447266,91.44999694824219,9262000.0,86.83522033691406,XLV
2018-11-28,93.68000030517578,91.69999694824219,91.72000122070312,93.6500015258789,11870400.0,88.9242172241211,XLV
2018-11-29,94.51000213623047,93.30000305175781,93.43000030517578,93.95999908447266,8796000.0,89.21855926513672,XLV
2018-11-30,95.87000274658203,93.80000305175781,93.9000015258789,95.87000274658203,15875900.0,91.03218841552734,XLV
2018-12-03,95.80999755859375,94.86000061035156,95.80999755859375,95.41000366210938,12158200.0,90.59539031982422,XLV
2018-12-04,95.91999816894531,93.11000061035156,95.38999938964844,93.27999877929688,15011300.0,88.5728759765625,XLV
2018-12-06,92.93000030517578,90.13999938964844,92.12000274658203,92.93000030517578,18492900.0,88.24053955078125,XLV
2018-12-07,92.80000305175781,90.11000061035156,92.66999816894531,90.55999755859375,14930800.0,85.99015045166016,XLV
2018-12-10,91.25,88.6500015258789,90.61000061035156,90.91000366210938,15372000.0,86.32247924804688,XLV
2018-12-11,92.27999877929688,90.54000091552734,91.66999816894531,91.19000244140625,13632300.0,86.58834075927734,XLV
2018-12-12,93.16999816894531,91.91000366210938,92.19999694824219,91.97000122070312,12581000.0,87.3289794921875,XLV
2018-12-13,92.7300033569336,91.44000244140625,92.22000122070312,92.05999755859375,11567100.0,87.4144287109375,XLV
2018-12-14,91.23999786376953,88.69000244140625,91.16000366210938,88.95999908447266,19422700.0,84.47087860107422,XLV
2018-12-17,88.77999877929688,86.58999633789062,88.04000091552734,87.19000244140625,22089500.0,82.79019165039062,XLV
2018-12-18,88.0999984741211,85.5999984741211,87.94000244140625,86.43000030517578,24712500.0,82.06855010986328,XLV
2018-12-19,87.63999938964844,84.52999877929688,86.5999984741211,85.30000305175781,23075600.0,80.99556732177734,XLV
2018-12-20,85.26000213623047,83.5,84.91000366210938,84.0999984741211,25321600.0,79.85611724853516,XLV
2018-12-21,85.2699966430664,82.51000213623047,83.8499984741211,82.68000030517578,28909200.0,78.86412048339844,XLV
2018-12-24,82.44000244140625,80.6500015258789,82.12999725341797,80.69999694824219,14235500.0,76.97550201416016,XLV
2018-12-26,84.30000305175781,80.61000061035156,81.0,84.22000122070312,20575100.0,80.33304595947266,XLV
2018-12-27,85.19999694824219,82.0999984741211,83.2300033569336,85.1500015258789,14045700.0,81.2201156616211,XLV
2018-12-28,86.44000244140625,84.9000015258789,85.69999694824219,85.25,15770600.0,81.31550598144531,XLV
2018-12-31,86.58999633789062,85.66999816894531,85.7300033569336,86.51000213623047,10163100.0,82.51736450195312,XLV
2019-01-02,85.83000183105469,84.2699966430664,85.18000030517578,85.19999694824219,14179900.0,81.2677993774414,XLV
2019-01-03,85.5,83.25,85.31999969482422,83.47000122070312,17668000.0,79.61766815185547,XLV
2019-01-04,86.43000030517578,84.41000366210938,84.44999694824219,85.95999908447266,16262600.0,81.99272918701172,XLV
2019-01-07,87.0999984741211,85.7300033569336,85.98999786376953,86.29000091552734,12387200.0,82.30751037597656,XLV
2019-01-08,87.25,86.0,86.9800033569336,86.95999908447266,13371000.0,82.94659423828125,XLV
2019-01-09,87.86000061035156,87.08999633789062,87.33999633789062,87.3499984741211,11259700.0,83.3185806274414,XLV
2019-01-10,87.58000183105469,86.5199966430664,86.95999908447266,87.5199966430664,10396800.0,83.48075103759766,XLV
2019-01-11,87.83999633789062,86.94999694824219,87.11000061035156,87.80999755859375,7187900.0,83.75735473632812,XLV
2019-01-14,87.31999969482422,86.83000183105469,87.27999877929688,86.83999633789062,5449000.0,82.83211517333984,XLV
2019-01-15,88.41999816894531,86.94000244140625,86.95999908447266,88.4000015258789,10540600.0,84.32012939453125,XLV
2019-01-16,88.9000015258789,88.18000030517578,88.5199966430664,88.23999786376953,8288900.0,84.16751861572266,XLV
2019-01-17,89.38999938964844,87.93000030517578,88.0,89.0199966430664,8731600.0,84.91150665283203,XLV
2019-01-18,90.12999725341797,89.01000213623047,89.68000030517578,90.08000183105469,13367500.0,85.9225845336914,XLV
2019-01-22,89.62000274658203,88.83999633789062,89.44999694824219,89.45999908447266,12244500.0,85.3311996459961,XLV
2019-01-23,90.05000305175781,88.58999633789062,89.62999725341797,89.55999755859375,7722800.0,85.42657470703125,XLV
2019-01-24,89.55000305175781,88.38999938964844,89.47000122070312,88.80999755859375,11307000.0,84.71119689941406,XLV
2019-01-25,89.25,88.66000366210938,89.25,88.91999816894531,7241900.0,84.81612396240234,XLV
2019-01-28,88.4000015258789,87.48999786376953,88.30999755859375,87.91000366210938,7113800.0,83.85272979736328,XLV
2019-01-29,88.41000366210938,87.66000366210938,87.91000366210938,88.33999633789062,11099200.0,84.26288604736328,XLV
2019-01-30,89.80000305175781,88.44999694824219,88.66999816894531,89.55000305175781,11706500.0,85.41705322265625,XLV
2019-01-31,90.87999725341797,89.36000061035156,89.44999694824219,90.66999816894531,13409900.0,86.48536682128906,XLV
2019-02-01,90.95999908447266,90.12999725341797,90.77999877929688,90.75,9386500.0,86.5616683959961,XLV
2019-02-04,90.76000213623047,89.72000122070312,90.76000213623047,90.48999786376953,9308600.0,86.31366729736328,XLV
2019-02-05,91.1500015258789,90.33999633789062,90.63999938964844,90.36000061035156,8921400.0,86.18966674804688,XLV
2019-02-06,90.80999755859375,90.08999633789062,90.19999694824219,90.7699966430664,6135900.0,86.58074951171875,XLV
2019-02-07,90.33000183105469,89.29000091552734,90.18000030517578,89.7699966430664,9511700.0,85.62689208984375,XLV
2019-02-08,89.94999694824219,89.29000091552734,89.41999816894531,89.94000244140625,7284200.0,85.78904724121094,XLV
2019-02-11,90.19999694824219,89.58000183105469,90.13999938964844,89.83000183105469,5017400.0,85.68413543701172,XLV
2019-02-12,91.11000061035156,90.05999755859375,90.22000122070312,91.05999755859375,9093200.0,86.85735321044922,XLV
2019-02-13,91.52999877929688,90.8499984741211,91.23999786376953,91.26000213623047,6435600.0,87.04813385009766,XLV
2019-02-14,91.87999725341797,90.9000015258789,91.02999877929688,91.47000122070312,6938600.0,87.24845123291016,XLV
2019-02-15,92.9000015258789,91.47000122070312,92.16000366210938,92.8499984741211,8234200.0,88.56474304199219,XLV
2019-02-19,92.98999786376953,92.58999633789062,92.5999984741211,92.62999725341797,6284100.0,88.35488891601562,XLV
2019-02-20,92.63999938964844,92.05999755859375,92.4000015258789,92.5199966430664,6959900.0,88.2499771118164,XLV
2019-02-21,92.25,91.30000305175781,92.19000244140625,91.70999908447266,8368500.0,87.47735595703125,XLV
2019-02-22,92.62999725341797,91.77999877929688,91.88999938964844,92.55000305175781,6488100.0,88.27859497070312,XLV
2019-02-25,93.23999786376953,92.61000061035156,93.0199966430664,92.68000030517578,7652600.0,88.402587890625,XLV
2019-02-26,92.72000122070312,92.23999786376953,92.47000122070312,92.3499984741211,7288000.0,88.08782958984375,XLV
2019-02-27,92.36000061035156,91.61000061035156,92.04000091552734,91.91999816894531,9827600.0,87.67766571044922,XLV
2019-02-28,92.25,91.55000305175781,91.75,91.6500015258789,9464100.0,87.42013549804688,XLV
2019-03-01,93.08000183105469,92.13999938964844,92.22000122070312,92.94999694824219,10795200.0,88.66012573242188,XLV
2019-03-04,93.44999694824219,91.05999755859375,93.27999877929688,91.69000244140625,15208400.0,87.45829772949219,XLV
2019-03-05,91.97000122070312,91.16999816894531,91.7300033569336,91.63999938964844,13591700.0,87.41059112548828,XLV
2019-03-06,91.7699966430664,90.05000305175781,91.6500015258789,90.30000305175781,11662400.0,86.13243865966797,XLV
2019-03-07,90.36000061035156,89.27999877929688,90.16999816894531,89.58999633789062,14430700.0,85.4552001953125,XLV
2019-03-08,89.44999694824219,88.62999725341797,89.11000061035156,89.4000015258789,11531200.0,85.27397918701172,XLV
2019-03-11,90.5,89.37999725341797,89.63999938964844,90.41999816894531,9694300.0,86.24691009521484,XLV
2019-03-12,91.29000091552734,90.5199966430664,90.6500015258789,91.08000183105469,8981600.0,86.87644958496094,XLV
2019-03-13,92.30999755859375,91.29000091552734,91.3499984741211,92.05999755859375,10098300.0,87.81121063232422,XLV
2019-03-14,92.1500015258789,91.58000183105469,92.02999877929688,91.91000366210938,9283800.0,87.66813659667969,XLV
2019-03-15,92.13999938964844,91.41000366210938,91.7300033569336,91.98999786376953,10219400.0,88.07119750976562,XLV
2019-03-18,92.16999816894531,91.5199966430664,92.08000183105469,91.8499984741211,7183500.0,87.93714904785156,XLV
2019-03-19,92.83999633789062,91.83999633789062,92.16999816894531,92.58000183105469,11308700.0,88.63606262207031,XLV
2019-03-20,92.58000183105469,91.58000183105469,92.47000122070312,91.94000244140625,11123700.0,88.02332305908203,XLV
2019-03-21,92.44000244140625,91.04000091552734,91.16999816894531,92.30000305175781,7398200.0,88.36799621582031,XLV
2019-03-22,92.23999786376953,90.5999984741211,91.9000015258789,90.62000274658203,12162600.0,86.75955200195312,XLV
2019-03-25,90.86000061035156,89.91999816894531,90.77999877929688,90.56999969482422,9893300.0,86.71167755126953,XLV
2019-03-26,91.7699966430664,90.55000305175781,91.0999984741211,91.19000244140625,8107200.0,87.30526733398438,XLV
2019-03-27,91.29000091552734,89.80000305175781,91.08000183105469,90.43000030517578,10817400.0,86.57764434814453,XLV
2019-03-28,90.91000366210938,90.19000244140625,90.69999694824219,90.66000366210938,6726800.0,86.7978515625,XLV
2019-03-29,91.83000183105469,91.0,91.19999694824219,91.75,10120900.0,87.8414306640625,XLV
2019-04-01,92.44999694824219,91.68000030517578,92.30999755859375,91.88999938964844,9082000.0,87.97544860839844,XLV
2019-04-02,92.05000305175781,91.51000213623047,91.91000366210938,91.68000030517578,7002200.0,87.77440643310547,XLV
2019-04-03,92.13999938964844,91.29000091552734,92.08999633789062,91.55999755859375,7398700.0,87.65951538085938,XLV
2019-04-04,91.75,90.83999633789062,91.63999938964844,91.37000274658203,9212400.0,87.47761535644531,XLV
2019-04-05,92.16000366210938,91.52999877929688,91.58999633789062,92.0,6262000.0,88.08078002929688,XLV
2019-04-08,92.06999969482422,91.33000183105469,91.93000030517578,91.9800033569336,5961200.0,88.06163024902344,XLV
2019-04-09,91.94000244140625,91.41000366210938,91.66000366210938,91.73999786376953,7207600.0,87.83185577392578,XLV
2019-04-10,92.0199966430664,91.61000061035156,91.8499984741211,91.7699966430664,5433400.0,87.86055755615234,XLV
2019-04-11,92.0199966430664,90.23999786376953,91.97000122070312,90.63999938964844,8534200.0,86.77870178222656,XLV
2019-04-12,91.0199966430664,89.66000366210938,90.98999786376953,89.80999755859375,11659000.0,85.98405456542969,XLV
2019-04-15,90.23999786376953,89.75,89.91999816894531,90.16999816894531,7921900.0,86.3287353515625,XLV
2019-04-16,91.02999877929688,88.16999816894531,90.91999816894531,88.31999969482422,14857100.0,84.55755615234375,XLV
2019-04-17,88.63999938964844,85.33000183105469,88.62000274658203,85.77999877929688,34381800.0,82.12574768066406,XLV
2019-04-18,86.44999694824219,84.6500015258789,86.04000091552734,85.91999816894531,35300900.0,82.25978088378906,XLV
2019-04-22,86.47000122070312,85.51000213623047,85.77999877929688,85.97000122070312,18717700.0,82.30765533447266,XLV
2019-04-23,87.79000091552734,85.79000091552734,85.94000244140625,87.33000183105469,30503400.0,83.60972595214844,XLV
2019-04-24,87.54000091552734,86.83999633789062,87.36000061035156,87.2300033569336,14612800.0,83.51397705078125,XLV
2019-04-25,88.38999938964844,86.68000030517578,87.04000091552734,88.12999725341797,16166400.0,84.37564086914062,XLV
2019-04-26,89.04000091552734,88.05999755859375,88.25,89.01000213623047,11321700.0,85.21815490722656,XLV
2019-04-29,89.19999694824219,88.47000122070312,89.04000091552734,88.8499984741211,13264400.0,85.0649642944336,XLV
2019-04-30,89.43000030517578,88.4800033569336,89.11000061035156,89.26000213623047,11750900.0,85.45748901367188,XLV
2019-05-01,89.7300033569336,88.5999984741211,89.37999725341797,89.0999984741211,25596400.0,85.30431365966797,XLV
2019-05-02,89.56999969482422,88.5,89.01000213623047,89.4800033569336,18927500.0,85.66812896728516,XLV
2019-05-03,90.19000244140625,89.58000183105469,89.7300033569336,90.16000366210938,13624000.0,86.31916046142578,XLV
2019-05-06,90.8499984741211,88.69999694824219,88.8499984741211,90.62000274658203,25168300.0,86.75955200195312,XLV
2019-05-07,90.36000061035156,88.36000061035156,89.91999816894531,88.87999725341797,18011600.0,85.09367370605469,XLV
2019-05-08,89.4800033569336,88.33999633789062,88.83999633789062,89.06999969482422,13783300.0,85.27559661865234,XLV
2019-05-09,89.16999816894531,87.86000061035156,88.27999877929688,88.87999725341797,15692300.0,85.09367370605469,XLV
2019-05-10,89.13999938964844,87.01000213623047,88.58999633789062,88.91000366210938,17771800.0,85.12240600585938,XLV
2019-05-13,88.86000061035156,86.9000015258789,87.4000015258789,87.23999786376953,17436000.0,83.5235366821289,XLV
2019-05-14,88.29000091552734,87.47000122070312,87.63999938964844,87.68000030517578,13147000.0,83.94480895996094,XLV
2019-05-15,88.23999786376953,86.83000183105469,87.22000122070312,87.94000244140625,10587700.0,84.19373321533203,XLV
2019-05-16,89.38999938964844,88.06999969482422,88.12999725341797,88.62999725341797,15124000.0,84.85433197021484,XLV
2019-05-17,89.13999938964844,87.9000015258789,87.9000015258789,88.44000244140625,13354100.0,84.67243194580078,XLV
2019-05-20,88.68000030517578,87.75,88.05999755859375,88.4000015258789,10757400.0,84.63414001464844,XLV
2019-05-21,89.61000061035156,88.83999633789062,88.9000015258789,89.2300033569336,11690600.0,85.42877197265625,XLV
2019-05-22,89.94000244140625,88.88999938964844,88.97000122070312,89.73999786376953,9021800.0,85.91703796386719,XLV
2019-05-23,89.43000030517578,88.68000030517578,89.29000091552734,89.43000030517578,13545300.0,85.6202621459961,XLV
2019-05-24,90.0999984741211,89.33999633789062,89.73999786376953,89.55999755859375,9986400.0,85.74472045898438,XLV
2019-05-28,90.18000030517578,88.2699966430664,89.63999938964844,88.27999877929688,20796000.0,84.51923370361328,XLV
2019-05-29,87.86000061035156,86.81999969482422,87.8499984741211,87.43000030517578,16302700.0,83.7054672241211,XLV
2019-05-30,88.05000305175781,87.51000213623047,87.5999984741211,87.91000366210938,12457600.0,84.16500854492188,XLV
2019-05-31,87.69000244140625,86.7699966430664,87.33999633789062,87.27999877929688,10712900.0,83.56183624267578,XLV
2019-06-03,88.23999786376953,87.30999755859375,87.36000061035156,87.48999786376953,19371000.0,83.76288604736328,XLV
2019-06-04,89.08999633789062,88.11000061035156,88.22000122070312,88.94000244140625,15837200.0,85.15113067626953,XLV
2019-06-05,89.81999969482422,88.97000122070312,89.58999633789062,89.61000061035156,24291700.0,85.7925796508789,XLV
2019-06-06,90.43000030517578,89.54000091552734,89.75,90.06999969482422,18840900.0,86.23300170898438,XLV
2019-06-07,91.2300033569336,90.33000183105469,90.36000061035156,91.01000213623047,9302700.0,87.13294219970703,XLV
2019-06-10,91.58000183105469,90.94999694824219,91.29000091552734,91.27999877929688,8552800.0,87.39144134521484,XLV
2019-06-11,91.95999908447266,90.9000015258789,91.7300033569336,91.12999725341797,8317900.0,87.2478256225586,XLV
2019-06-12,91.5999984741211,91.05999755859375,91.1500015258789,91.56999969482422,5799200.0,87.66908264160156,XLV
2019-06-13,91.7300033569336,91.0999984741211,91.7300033569336,91.45999908447266,9031800.0,87.56378173828125,XLV
2019-06-14,91.7699966430664,91.18000030517578,91.5,91.25,5056300.0,87.36272430419922,XLV
2019-06-17,91.72000122070312,91.20999908447266,91.33999633789062,91.66000366210938,4861500.0,87.75525665283203,XLV
2019-06-18,92.76000213623047,91.94000244140625,92.12000274658203,92.44000244140625,7979600.0,88.50202178955078,XLV
2019-06-19,93.4800033569336,92.4000015258789,92.45999908447266,93.2699966430664,6988100.0,89.29667663574219,XLV
2019-06-20,94.33000183105469,93.13999938964844,94.04000091552734,93.68000030517578,9241200.0,89.689208984375,XLV
2019-06-21,93.91000366210938,92.66000366210938,93.19000244140625,93.7300033569336,9026100.0,90.11995697021484,XLV
2019-06-24,93.66999816894531,93.06999969482422,93.61000061035156,93.23999786376953,6493600.0,89.64881896972656,XLV
2019-06-25,93.73999786376953,92.7699966430664,93.30999755859375,92.86000061035156,14930600.0,89.28345489501953,XLV
2019-06-26,93.0,91.5,92.98999786376953,91.69000244140625,10498400.0,88.15851593017578,XLV
2019-06-27,92.51000213623047,91.83000183105469,92.01000213623047,92.33000183105469,7416200.0,88.77388763427734,XLV
2019-06-28,92.72000122070312,91.83999633789062,92.37000274658203,92.63999938964844,9390600.0,89.0719223022461,XLV
2019-07-01,93.41000366210938,92.72000122070312,93.37000274658203,93.0999984741211,7797200.0,89.51421356201172,XLV
2019-07-02,93.5999984741211,92.6500015258789,93.18000030517578,93.5999984741211,7952500.0,89.99495697021484,XLV
2019-07-03,94.41999816894531,93.80000305175781,93.80999755859375,94.4000015258789,4066000.0,90.7641372680664,XLV
2019-07-05,94.2300033569336,93.54000091552734,94.0,93.75,5934300.0,90.1391830444336,XLV
2019-07-08,93.41999816894531,92.62000274658203,93.38999938964844,93.05000305175781,15202000.0,89.46613311767578,XLV
2019-07-09,93.23999786376953,92.69999694824219,92.70999908447266,93.13999938964844,5537300.0,89.55267333984375,XLV
2019-07-10,93.70999908447266,93.06999969482422,93.3499984741211,93.45999908447266,5347300.0,89.8603515625,XLV
2019-07-11,94.1500015258789,92.8499984741211,94.11000061035156,93.4800033569336,13691700.0,89.87957763671875,XLV
2019-07-12,93.19000244140625,91.80000305175781,93.16999816894531,92.44000244140625,11508200.0,88.87964630126953,XLV
2019-07-15,92.86000061035156,92.18000030517578,92.48999786376953,92.63999938964844,5811100.0,89.0719223022461,XLV
2019-07-16,92.69999694824219,92.12000274658203,92.56999969482422,92.18000030517578,9092300.0,88.62965393066406,XLV
2019-07-17,92.68000030517578,92.19000244140625,92.37000274658203,92.19999694824219,9566700.0,88.64888763427734,XLV
2019-07-18,92.87000274658203,91.73999786376953,92.19000244140625,92.72000122070312,6559500.0,89.14884948730469,XLV
2019-07-19,92.97000122070312,91.68000030517578,92.93000030517578,91.76000213623047,8105900.0,88.225830078125,XLV
2019-07-22,91.91999816894531,91.48999786376953,91.86000061035156,91.56999969482422,5192500.0,88.04313659667969,XLV
2019-07-23,92.27999877929688,91.31999969482422,91.69999694824219,92.13999938964844,6688600.0,88.59119415283203,XLV
2019-07-24,92.19999694824219,91.16999816894531,92.0,92.19000244140625,5430400.0,88.63926696777344,XLV
2019-07-25,92.29000091552734,91.54000091552734,91.94000244140625,91.73999786376953,6618700.0,88.20658111572266,XLV
2019-07-26,92.23999786376953,91.72000122070312,92.05999755859375,92.06999969482422,3812400.0,88.52388000488281,XLV
2019-07-29,92.5199966430664,91.97000122070312,92.12000274658203,92.44999694824219,5887500.0,88.88924407958984,XLV
2019-07-30,92.08999633789062,91.36000061035156,91.73999786376953,92.05000305175781,7959200.0,88.5046615600586,XLV
2019-07-31,92.33000183105469,90.58000183105469,91.94999694824219,91.13999938964844,8557400.0,87.62969207763672,XLV
2019-08-01,92.23999786376953,90.70999908447266,91.1500015258789,91.26000213623047,16422500.0,87.74508666992188,XLV
2019-08-02,91.41000366210938,90.45999908447266,91.12999725341797,91.05000305175781,15956600.0,87.54318237304688,XLV
2019-08-05,90.37999725341797,88.19000244140625,90.0199966430664,88.91000366210938,17626200.0,85.48558807373047,XLV
2019-08-06,90.08000183105469,88.87000274658203,89.36000061035156,90.05999755859375,10135900.0,86.59130859375,XLV
2019-08-07,90.33999633789062,88.19999694824219,89.33000183105469,90.08999633789062,12452500.0,86.62014770507812,XLV
2019-08-08,91.37999725341797,90.25,90.37000274658203,91.29000091552734,12034800.0,87.77391052246094,XLV
2019-08-09,91.9800033569336,90.61000061035156,91.12999725341797,91.4000015258789,7253100.0,87.87969207763672,XLV
2019-08-12,91.4000015258789,90.16000366210938,91.05999755859375,90.51000213623047,7097100.0,87.02396392822266,XLV
2019-08-13,92.16999816894531,90.4000015258789,90.4800033569336,91.69000244140625,12232500.0,88.15851593017578,XLV
2019-08-14,90.97000122070312,89.08999633789062,90.75,89.13999938964844,16426100.0,85.70674133300781,XLV
2019-08-15,89.79000091552734,88.87000274658203,89.5199966430664,89.44999694824219,12315200.0,86.00479125976562,XLV
2019-08-16,90.79000091552734,90.0,90.05999755859375,90.55000305175781,10239300.0,87.06242370605469,XLV
2019-08-19,91.6500015258789,91.11000061035156,91.26000213623047,91.41999816894531,6427200.0,87.89891052246094,XLV
2019-08-20,91.63999938964844,90.56999969482422,91.44999694824219,90.63999938964844,4708800.0,87.14896392822266,XLV
2019-08-21,91.52999877929688,91.04000091552734,91.2699966430664,91.30999755859375,5687100.0,87.79315948486328,XLV
2019-08-22,91.69000244140625,90.5,91.4800033569336,90.86000061035156,6486900.0,87.36048126220703,XLV
2019-08-23,91.04000091552734,88.31999969482422,90.69999694824219,88.76000213623047,9822700.0,85.34138488769531,XLV
2019-08-26,89.76000213623047,89.0999984741211,89.47000122070312,89.69000244140625,8913900.0,86.23554229736328,XLV
2019-08-27,90.55000305175781,89.0999984741211,90.23999786376953,89.16000366210938,8252000.0,85.72595977783203,XLV
2019-08-28,90.0,88.72000122070312,88.8499984741211,89.80999755859375,5691500.0,86.3509292602539,XLV
2019-08-29,90.75,89.91000366210938,90.48999786376953,90.48999786376953,4360300.0,87.00474548339844,XLV
2019-08-30,91.08999633789062,90.20999908447266,90.91000366210938,90.5999984741211,4784100.0,87.1104965209961,XLV
2019-09-03,90.5,89.75,90.06999969482422,90.06999969482422,6437800.0,86.60091400146484,XLV
2019-09-04,90.70999908447266,89.70999908447266,90.66000366210938,90.12999725341797,9318700.0,86.65859985351562,XLV
2019-09-05,91.22000122070312,90.41999816894531,90.9000015258789,91.0199966430664,7897400.0,87.51433563232422,XLV
2019-09-06,91.52999877929688,91.08000183105469,91.20999908447266,91.2699966430664,13166400.0,87.75469970703125,XLV
2019-09-09,91.37999725341797,90.0999984741211,91.3499984741211,90.43000030517578,10675900.0,86.94703674316406,XLV
2019-09-10,90.69999694824219,89.0199966430664,89.97000122070312,90.69000244140625,8770700.0,87.19703674316406,XLV
2019-09-11,91.62000274658203,90.62000274658203,90.83999633789062,91.58999633789062,8124300.0,88.06237030029297,XLV
2019-09-12,92.37999725341797,91.51000213623047,92.0,91.55999755859375,9344700.0,88.03352355957031,XLV
2019-09-13,92.25,91.31999969482422,91.66999816894531,91.51000213623047,6351000.0,87.98545837402344,XLV
2019-09-16,91.54000091552734,90.9000015258789,91.01000213623047,91.30999755859375,6668100.0,87.79315948486328,XLV
2019-09-17,91.69999694824219,91.12999725341797,91.26000213623047,91.44999694824219,3932900.0,87.92776489257812,XLV
2019-09-18,91.55999755859375,90.79000091552734,91.44999694824219,91.44000244140625,5369800.0,87.91814422607422,XLV
2019-09-19,92.27999877929688,91.37999725341797,91.55000305175781,91.87000274658203,5058600.0,88.33158111572266,XLV
2019-09-20,92.43000030517578,91.69000244140625,91.69999694824219,92.0,8935700.0,88.82398223876953,XLV
2019-09-23,92.05999755859375,91.4800033569336,91.7300033569336,91.51000213623047,4232900.0,88.35089874267578,XLV
2019-09-24,91.91000366210938,90.3499984741211,91.8499984741211,90.66999816894531,10542600.0,87.53988647460938,XLV
2019-09-25,90.76000213623047,90.0999984741211,90.68000030517578,90.2300033569336,7956800.0,87.11509704589844,XLV
2019-09-26,90.55999755859375,89.04000091552734,90.52999877929688,89.7300033569336,10004500.0,86.63233947753906,XLV
2019-09-27,90.16000366210938,89.0,90.02999877929688,89.33000183105469,10017300.0,86.24614715576172,XLV
2019-09-30,90.68000030517578,89.38999938964844,89.44999694824219,90.12999725341797,8031600.0,87.0185317993164,XLV
2019-10-01,90.56999969482422,89.06999969482422,90.37000274658203,89.25,13413900.0,86.16890716552734,XLV
2019-10-02,89.1500015258789,87.55999755859375,88.97000122070312,87.94999694824219,13385000.0,84.9137954711914,XLV
2019-10-03,88.7699966430664,87.19999694824219,87.83000183105469,88.73999786376953,11958800.0,85.67652130126953,XLV
2019-10-04,90.18000030517578,88.94999694824219,89.0,90.12999725341797,9146600.0,87.0185317993164,XLV
2019-10-07,90.41999816894531,89.62999725341797,89.76000213623047,89.83000183105469,8247200.0,86.72888946533203,XLV
2019-10-08,89.12000274658203,88.0999984741211,89.08000183105469,88.12000274658203,10649300.0,85.07791900634766,XLV
2019-10-09,89.0199966430664,88.36000061035156,88.66000366210938,88.76000213623047,7350200.0,85.69583892822266,XLV
2019-10-10,89.51000213623047,88.41999816894531,88.5,89.19999694824219,8232300.0,86.12063598632812,XLV
2019-10-11,91.0,89.9000015258789,90.05000305175781,89.94000244140625,10773200.0,86.83509826660156,XLV
2019-10-14,90.33999633789062,89.76000213623047,89.87999725341797,89.9000015258789,4915600.0,86.79647827148438,XLV
2019-10-15,91.86000061035156,90.83000183105469,90.88999938964844,91.54000091552734,12607900.0,88.37985229492188,XLV
2019-10-16,91.88999938964844,91.2699966430664,91.47000122070312,91.41999816894531,7851500.0,88.26399230957031,XLV
2019-10-17,92.36000061035156,91.68000030517578,91.72000122070312,92.0999984741211,7536100.0,88.92053985595703,XLV
2019-10-18,92.23999786376953,91.3499984741211,91.83999633789062,91.76000213623047,6784700.0,88.5922622680664,XLV
2019-10-21,92.27999877929688,91.4800033569336,92.13999938964844,91.66000366210938,4948400.0,88.49571990966797,XLV
2019-10-22,92.94999694824219,91.81999969482422,92.36000061035156,91.86000061035156,8702400.0,88.6888198852539,XLV
2019-10-23,92.69999694824219,91.83000183105469,92.0199966430664,92.43000030517578,5525000.0,89.23912811279297,XLV
2019-10-24,92.69000244140625,91.62999725341797,92.58999633789062,91.95999908447266,6892300.0,88.78535461425781,XLV
2019-10-25,92.30999755859375,91.4800033569336,91.72000122070312,92.05999755859375,5536900.0,88.88191223144531,XLV
2019-10-28,93.19999694824219,92.22000122070312,92.30000305175781,93.01000213623047,6937900.0,89.79911804199219,XLV
2019-10-29,94.4800033569336,93.0,93.2300033569336,94.33000183105469,13768400.0,91.07354736328125,XLV
2019-10-30,94.9000015258789,93.98999786376953,94.36000061035156,94.86000061035156,10179700.0,91.58524322509766,XLV
2019-10-31,94.80999755859375,94.13999938964844,94.68000030517578,94.75,9675200.0,91.47904968261719,XLV
2019-11-01,95.66999816894531,94.8499984741211,95.26000213623047,94.87000274658203,14670800.0,91.59490203857422,XLV
2019-11-04,95.36000061035156,94.54000091552734,95.30999755859375,94.58000183105469,9878200.0,91.31491088867188,XLV
2019-11-05,94.7300033569336,93.69999694824219,94.72000122070312,93.91000366210938,13273800.0,90.66803741455078,XLV
2019-11-06,94.41000366210938,93.70999908447266,94.0,94.2300033569336,13130200.0,90.97698974609375,XLV
2019-11-07,94.73999786376953,94.16000366210938,94.58999633789062,94.44000244140625,7827900.0,91.17974853515625,XLV
2019-11-08,95.1500015258789,94.2699966430664,94.37999725341797,95.12999725341797,7756900.0,91.84591674804688,XLV
2019-11-11,94.97000122070312,94.4800033569336,94.7699966430664,94.73999786376953,6092500.0,91.46937561035156,XLV
2019-11-12,95.6500015258789,94.76000213623047,94.88999938964844,95.30999755859375,13801500.0,92.01970672607422,XLV
2019-11-13,95.6500015258789,94.9000015258789,95.05000305175781,95.41999816894531,6507700.0,92.12591552734375,XLV
2019-11-14,95.56999969482422,94.8499984741211,95.4000015258789,95.43000030517578,6498800.0,92.13557434082031,XLV
2019-11-15,97.62999725341797,95.66999816894531,95.76000213623047,97.45999908447266,11337700.0,94.09549713134766,XLV
2019-11-18,97.93000030517578,97.01000213623047,97.37000274658203,97.12999725341797,11251400.0,93.7768783569336,XLV
2019-11-19,97.93000030517578,97.22000122070312,97.47000122070312,97.79000091552734,10025800.0,94.41411590576172,XLV
2019-11-20,97.97000122070312,97.08000183105469,97.62999725341797,97.66000366210938,12305600.0,94.28858947753906,XLV
2019-11-21,97.9800033569336,97.05000305175781,97.72000122070312,97.91000366210938,9122400.0,94.52996063232422,XLV
2019-11-22,98.4000015258789,97.87000274658203,98.08000183105469,98.26000213623047,6141800.0,94.86787414550781,XLV
2019-11-25,99.43000030517578,98.51000213623047,98.66000366210938,99.41000366210938,11726500.0,95.97817993164062,XLV
2019-11-26,99.55999755859375,99.0,99.4000015258789,99.33000183105469,11073300.0,95.90093994140625,XLV
2019-11-27,99.98999786376953,99.37999725341797,99.47000122070312,99.83999633789062,6333200.0,96.39331817626953,XLV
2019-11-29,99.80999755859375,99.29000091552734,99.58000183105469,99.48999786376953,2392000.0,96.05541229248047,XLV
2019-12-02,99.72000122070312,98.7300033569336,99.69000244140625,99.05000305175781,6682200.0,95.6305923461914,XLV
2019-12-03,98.91000366210938,98.02999877929688,98.30000305175781,98.83000183105469,7709700.0,95.4181900024414,XLV
2019-12-04,99.87999725341797,99.12999725341797,99.2300033569336,99.75,6237600.0,96.30644226074219,XLV
2019-12-05,99.9000015258789,98.91000366210938,99.80999755859375,99.75,7390400.0,96.30644226074219,XLV
2019-12-06,100.75,100.19999694824219,100.2699966430664,100.41000366210938,5658500.0,96.94365692138672,XLV
2019-12-09,100.47000122070312,99.70999908447266,100.44999694824219,99.70999908447266,5148900.0,96.26781463623047,XLV
2019-12-10,100.0199966430664,99.30000305175781,99.69000244140625,99.93000030517578,6027900.0,96.48021697998047,XLV
2019-12-11,100.2699966430664,99.81999969482422,100.01000213623047,100.0199966430664,6064300.0,96.5671157836914,XLV
2019-12-12,101.27999877929688,100.0199966430664,100.06999969482422,100.94999694824219,9769100.0,97.46501159667969,XLV
2019-12-13,101.47000122070312,100.47000122070312,100.8499984741211,100.87999725341797,6433200.0,97.39743041992188,XLV
2019-12-16,102.33999633789062,101.47000122070312,101.47000122070312,101.97000122070312,7730300.0,98.44979858398438,XLV
2019-12-17,102.25,101.72000122070312,102.0999984741211,101.86000061035156,4643600.0,98.34358978271484,XLV
2019-12-18,102.19999694824219,101.79000091552734,101.9000015258789,102.0,5202900.0,98.478759765625,XLV
2019-12-19,102.51000213623047,102.05000305175781,102.20999908447266,102.4000015258789,6637200.0,98.86495208740234,XLV
2019-12-20,102.93000030517578,102.27999877929688,102.27999877929688,102.69999694824219,8586500.0,99.56491088867188,XLV
2019-12-23,103.22000122070312,102.68000030517578,102.94000244140625,103.11000061035156,4770900.0,99.96239471435547,XLV
2019-12-24,103.23999786376953,102.7300033569336,103.11000061035156,102.9800033569336,2071800.0,99.83637237548828,XLV
2019-12-26,103.2300033569336,102.58000183105469,103.11000061035156,102.91000366210938,2910100.0,99.76850128173828,XLV
2019-12-27,103.13999938964844,102.70999908447266,103.12999725341797,102.94000244140625,3605000.0,99.7975845336914,XLV
2019-12-30,102.48999786376953,101.51000213623047,102.2699966430664,101.66000366210938,5665100.0,99.19844818115234,XLV
2019-12-31,101.94999694824219,101.2699966430664,101.44000244140625,101.86000061035156,4746700.0,99.39359283447266,XLV
2020-01-02,102.29000091552734,101.4000015258789,102.16999816894531,102.12999725341797,6277400.0,99.65705871582031,XLV
2020-01-03,101.81999969482422,100.44999694824219,100.94999694824219,101.23999786376953,8247500.0,98.78862762451172,XLV
2020-01-06,101.9000015258789,100.75,100.77999877929688,101.87000274658203,6441800.0,99.40335845947266,XLV
2020-01-07,101.76000213623047,101.0999984741211,101.58999633789062,101.66999816894531,6335300.0,99.20820617675781,XLV
2020-01-08,102.79000091552734,101.68000030517578,101.72000122070312,102.33000183105469,7494700.0,99.85222625732422,XLV
2020-01-09,103.05000305175781,102.41999816894531,102.63999938964844,102.7699966430664,6660600.0,100.28156280517578,XLV
2020-01-10,103.33000183105469,102.62000274658203,103.16000366210938,102.80000305175781,9300300.0,100.31083679199219,XLV
2020-01-13,102.98999786376953,102.08999633789062,102.97000122070312,102.44000244140625,7621700.0,99.9595718383789,XLV
2020-01-14,103.08000183105469,101.94999694824219,102.12999725341797,103.05999755859375,7294900.0,100.56454467773438,XLV
2020-01-15,104.22000122070312,103.0999984741211,103.18000030517578,103.94999694824219,7521800.0,101.43299865722656,XLV
2020-01-16,104.55999755859375,103.97000122070312,104.37999725341797,104.48999786376953,5479900.0,101.95991516113281,XLV
2020-01-17,104.6500015258789,104.2300033569336,104.2300033569336,104.48999786376953,6533400.0,101.95991516113281,XLV
2020-01-21,104.83999633789062,104.20999908447266,104.25,104.5999984741211,6644800.0,102.0672607421875,XLV
2020-01-22,105.08000183105469,104.58999633789062,104.83000183105469,104.7300033569336,9431500.0,102.1941146850586,XLV
2020-01-23,104.69999694824219,103.4800033569336,104.55000305175781,104.19999694824219,8522600.0,101.67694854736328,XLV
2020-01-24,104.37000274658203,102.19999694824219,104.31999969482422,102.45999908447266,15962700.0,99.97907257080078,XLV
2020-01-27,102.06999969482422,101.08000183105469,101.22000122070312,101.68000030517578,11762300.0,99.21796417236328,XLV
2020-01-28,102.58000183105469,101.69999694824219,101.9800033569336,102.18000030517578,8079900.0,99.70585632324219,XLV
2020-01-29,102.63999938964844,101.87999725341797,102.27999877929688,101.9000015258789,6435700.0,99.4326400756836,XLV
2020-01-30,101.22000122070312,100.29000091552734,101.1500015258789,101.16000366210938,10989400.0,98.71056365966797,XLV
2020-01-31,100.83999633789062,98.80999755859375,100.76000213623047,99.13999938964844,14476700.0,96.73946380615234,XLV
2020-02-03,100.76000213623047,99.83000183105469,99.83000183105469,100.04000091552734,11850600.0,97.61766052246094,XLV
2020-02-04,102.20999908447266,101.2699966430664,101.29000091552734,101.80000305175781,9575100.0,99.3350601196289,XLV
2020-02-05,104.12000274658203,102.2699966430664,102.27999877929688,103.76000213623047,14131000.0,101.24760437011719,XLV
2020-02-06,104.23999786376953,103.4000015258789,104.23999786376953,103.8499984741211,6166500.0,101.33541870117188,XLV
2020-02-07,103.94999694824219,102.87999725341797,103.86000061035156,103.04000091552734,6057200.0,100.54502868652344,XLV
2020-02-10,103.58999633789062,102.58000183105469,102.66000366210938,103.58999633789062,4010100.0,101.08171081542969,XLV
2020-02-11,104.30000305175781,103.73999786376953,103.94999694824219,104.20999908447266,10277100.0,101.68669891357422,XLV
2020-02-12,104.83999633789062,103.91999816894531,104.5999984741211,104.33999633789062,4705700.0,101.81355285644531,XLV
2020-02-13,104.27999877929688,103.63999938964844,103.95999908447266,103.8499984741211,4778500.0,101.33541870117188,XLV
2020-02-14,104.0,103.41999816894531,103.95999908447266,103.93000030517578,5114200.0,101.41349029541016,XLV
2020-02-18,104.05999755859375,103.22000122070312,103.93000030517578,103.55999755859375,8409300.0,101.05243682861328,XLV
2020-02-19,104.19000244140625,103.7300033569336,103.83000183105469,104.04000091552734,6427900.0,101.52081298828125,XLV
2020-02-20,103.9000015258789,102.43000030517578,103.80000305175781,103.37000274658203,8080900.0,100.86705017089844,XLV
2020-02-21,103.52999877929688,102.61000061035156,102.97000122070312,103.43000030517578,6510800.0,100.92559051513672,XLV
2020-02-24,101.61000061035156,99.69000244140625,100.93000030517578,100.16999816894531,16284500.0,97.7445297241211,XLV
2020-02-25,100.75,96.79000091552734,100.52999877929688,97.12999725341797,20301600.0,94.77813720703125,XLV
2020-02-26,98.81999969482422,96.91000366210938,97.66999816894531,97.12000274658203,13721600.0,94.76837921142578,XLV
2020-02-27,97.33999633789062,93.80000305175781,96.06999969482422,93.81999969482422,22047900.0,91.54828643798828,XLV
2020-02-28,92.66000366210938,89.9800033569336,91.3499984741211,92.61000061035156,27750600.0,90.36759185791016,XLV
2020-03-02,97.0999984741211,92.31999969482422,92.63999938964844,96.94999694824219,22359400.0,94.60249328613281,XLV
2020-03-03,98.88999938964844,93.2699966430664,97.19000244140625,94.54000091552734,33385500.0,92.25086212158203,XLV
2020-03-04,100.1500015258789,97.18000030517578,97.37999725341797,99.98999786376953,26418700.0,97.56888580322266,XLV
2020-03-05,99.19000244140625,96.55999755859375,97.8499984741211,97.66999816894531,17873000.0,95.3050537109375,XLV
2020-03-06,97.5,94.5999984741211,94.98999786376953,97.1500015258789,17917700.0,94.79765319824219,XLV
2020-03-09,94.27999877929688,90.01000213623047,91.38999938964844,92.0999984741211,21968500.0,89.86993408203125,XLV
2020-03-10,95.41999816894531,90.94000244140625,94.76000213623047,95.26000213623047,26473200.0,92.95340728759766,XLV
2020-03-11,93.66999816894531,90.44999694824219,93.01000213623047,91.62000274658203,23217900.0,89.40155792236328,XLV
2020-03-12,89.7300033569336,82.9000015258789,86.01000213623047,84.77999877929688,20652200.0,82.72718048095703,XLV
2020-03-13,90.9000015258789,84.16000366210938,88.72000122070312,90.66000366210938,29162800.0,88.46479797363281,XLV
2020-03-16,87.05000305175781,80.66999816894531,82.5199966430664,81.72000122070312,21474800.0,79.74126434326172,XLV
2020-03-17,87.55000305175781,82.3499984741211,83.41000366210938,86.8499984741211,27899700.0,84.7470474243164,XLV
2020-03-18,85.30000305175781,79.91999816894531,82.4000015258789,83.97000122070312,28931000.0,81.9367904663086,XLV
2020-03-19,84.26000213623047,81.33000183105469,83.02999877929688,82.25,27121100.0,80.25843048095703,XLV
2020-03-20,83.80999755859375,78.63999938964844,82.95999908447266,79.08999633789062,22004900.0,77.17494201660156,XLV
2020-03-23,78.30999755859375,73.54000091552734,78.19999694824219,74.62000274658203,33633000.0,73.16658020019531,XLV
2020-03-24,80.52999877929688,77.56999969482422,78.1500015258789,80.37000274658203,16775800.0,78.80458068847656,XLV
2020-03-25,84.08999633789062,78.87000274658203,79.83999633789062,81.44000244140625,16851800.0,79.85375213623047,XLV
2020-03-26,87.30999755859375,82.01000213623047,82.16999816894531,86.8499984741211,18822500.0,85.15836334228516,XLV
2020-03-27,87.2300033569336,84.27999877929688,84.33999633789062,84.98999786376953,13043200.0,83.33457946777344,XLV
2020-03-30,89.13999938964844,86.51000213623047,86.5199966430664,88.97000122070312,13766700.0,87.237060546875,XLV
2020-03-31,89.52999877929688,87.63999938964844,89.05000305175781,88.58000183105469,13584900.0,86.85466766357422,XLV
2020-04-01,86.38999938964844,84.38999938964844,85.62000274658203,85.20999908447266,15255200.0,83.55030822753906,XLV
2020-04-02,87.7699966430664,83.93000030517578,84.77999877929688,87.56999969482422,13588000.0,85.86433410644531,XLV
2020-04-03,88.12000274658203,85.80000305175781,87.29000091552734,86.77999877929688,12934200.0,85.0897216796875,XLV
2020-04-06,91.8499984741211,89.13999938964844,89.54000091552734,91.33000183105469,13472900.0,89.55110168457031,XLV
2020-04-07,93.81999969482422,90.48999786376953,93.6500015258789,90.58000183105469,16699200.0,88.81570434570312,XLV
2020-04-08,94.86000061035156,90.22000122070312,91.36000061035156,94.30999755859375,32624300.0,92.47306060791016,XLV
2020-04-09,95.3499984741211,93.97000122070312,95.16999816894531,94.83000183105469,12982500.0,92.98292541503906,XLV
2020-04-13,94.81999969482422,92.66000366210938,94.48999786376953,94.0,9606600.0,92.16909790039062,XLV
2020-04-14,97.47000122070312,95.5199966430664,95.83999633789062,97.12000274658203,12830800.0,95.22833251953125,XLV
2020-04-15,97.19000244140625,95.29000091552734,95.83000183105469,96.62000274658203,11019000.0,94.73807525634766,XLV
2020-04-16,98.9800033569336,97.02999877929688,97.33999633789062,98.7300033569336,11331600.0,96.80696868896484,XLV
2020-04-17,101.12999725341797,99.38999938964844,101.12999725341797,100.77999877929688,11504400.0,98.8170394897461,XLV
2020-04-20,101.41000366210938,99.70999908447266,99.81999969482422,99.9800033569336,10558100.0,98.0326156616211,XLV
2020-04-21,98.83000183105469,96.62000274658203,98.2699966430664,96.94000244140625,9291400.0,95.05183410644531,XLV
2020-04-22,99.02999877929688,97.73999786376953,98.3499984741211,98.41999816894531,11994100.0,96.50299835205078,XLV
2020-04-23,100.48999786376953,98.73999786376953,98.94000244140625,98.95999908447266,16013300.0,97.03248596191406,XLV
2020-04-24,100.48999786376953,98.94000244140625,99.55999755859375,100.29000091552734,7853300.0,98.33658599853516,XLV
2020-04-27,102.01000213623047,100.83000183105469,100.98999786376953,101.58000183105469,8022100.0,99.60144805908203,XLV
2020-04-28,102.26000213623047,99.41000366210938,102.26000213623047,99.52999877929688,11517500.0,97.59138488769531,XLV
2020-04-29,101.05999755859375,99.54000091552734,101.05999755859375,100.19000244140625,9939900.0,98.238525390625,XLV
2020-04-30,100.37999725341797,99.20999908447266,99.76000213623047,99.7300033569336,12768900.0,97.7874984741211,XLV
2020-05-01,98.7699966430664,96.94999694824219,98.58999633789062,97.83000183105469,10102000.0,95.92449951171875,XLV
2020-05-04,98.0,96.88999938964844,97.52999877929688,97.77999877929688,8991300.0,95.87547302246094,XLV
2020-05-05,100.62000274658203,98.38999938964844,98.63999938964844,99.9000015258789,11498300.0,97.95418548583984,XLV
2020-05-06,100.48999786376953,98.86000061035156,100.41999816894531,98.91000366210938,9493200.0,96.98346710205078,XLV
2020-05-07,99.93000030517578,98.77999877929688,99.91999816894531,98.9000015258789,9453900.0,96.97366333007812,XLV
2020-05-08,100.0,99.11000061035156,99.95999908447266,99.41000366210938,10374500.0,97.47372436523438,XLV
2020-05-11,101.37999725341797,99.0,99.0,101.12000274658203,15115100.0,99.15042114257812,XLV
2020-05-12,101.80000305175781,99.56999969482422,101.70999908447266,99.58000183105469,18471000.0,97.64041137695312,XLV
2020-05-13,100.22000122070312,97.70999908447266,99.44999694824219,98.5,12667200.0,96.5814437866211,XLV
2020-05-14,99.62999725341797,97.56999969482422,97.58999633789062,99.58000183105469,12021400.0,97.64041137695312,XLV
2020-05-15,100.51000213623047,99.06999969482422,99.30000305175781,100.41999816894531,15170200.0,98.46405029296875,XLV
2020-05-18,102.7699966430664,101.19000244140625,102.30000305175781,101.25,10557300.0,99.27787780761719,XLV
2020-05-19,101.44999694824219,100.0199966430664,100.93000030517578,100.02999877929688,10561400.0,98.08164978027344,XLV
2020-05-20,101.16999816894531,99.91999816894531,100.79000091552734,100.1500015258789,10058000.0,98.19930267333984,XLV
2020-05-21,99.93000030517578,98.83000183105469,99.87000274658203,99.41000366210938,12259500.0,97.47372436523438,XLV
2020-05-22,99.69999694824219,98.9000015258789,99.41999816894531,99.62000274658203,10233200.0,97.67963409423828,XLV
2020-05-26,101.27999877929688,99.27999877929688,101.19000244140625,99.44000244140625,10828800.0,97.50313568115234,XLV
2020-05-27,100.47000122070312,98.06999969482422,99.58000183105469,100.47000122070312,15551900.0,98.5130844116211,XLV
2020-05-28,102.80000305175781,101.26000213623047,101.29000091552734,101.77999877929688,11707700.0,99.79755401611328,XLV
2020-05-29,103.2300033569336,100.69000244140625,102.22000122070312,103.01000213623047,19055300.0,101.00360870361328,XLV
2020-06-01,102.4800033569336,101.3499984741211,102.36000061035156,101.98999786376953,8436200.0,100.00346374511719,XLV
2020-06-02,102.62999725341797,101.41999816894531,102.02999877929688,102.58000183105469,13162300.0,100.58197784423828,XLV
2020-06-03,102.9800033569336,101.94999694824219,102.87999725341797,102.37999725341797,10020900.0,100.38587188720703,XLV
2020-06-04,102.47000122070312,100.91999816894531,101.76000213623047,101.56999969482422,10848300.0,99.5916519165039,XLV
2020-06-05,104.04000091552734,101.68000030517578,102.20999908447266,103.20999908447266,14579500.0,101.19969940185547,XLV
2020-06-08,103.95999908447266,102.55000305175781,102.80000305175781,103.91999816894531,8191300.0,101.8958740234375,XLV
2020-06-09,104.22000122070312,102.72000122070312,103.70999908447266,102.83999633789062,10371100.0,100.8369140625,XLV
2020-06-10,103.5199966430664,102.2300033569336,103.18000030517578,102.68000030517578,10519700.0,100.6800308227539,XLV
2020-06-11,101.9800033569336,96.62999725341797,101.79000091552734,96.97000122070312,39561900.0,95.08125305175781,XLV
2020-06-12,99.31999969482422,95.91999816894531,99.0,97.5999984741211,19397200.0,95.698974609375,XLV
2020-06-15,98.37999725341797,95.41999816894531,96.13999938964844,97.81999969482422,14521800.0,95.9146957397461,XLV
2020-06-16,100.87000274658203,98.58000183105469,100.12000274658203,100.2300033569336,13272800.0,98.27774810791016,XLV
2020-06-17,100.91000366210938,99.77999877929688,100.7300033569336,100.12999725341797,9086200.0,98.17970275878906,XLV
2020-06-18,100.0199966430664,99.16000366210938,99.55999755859375,99.79000091552734,7115200.0,97.84632873535156,XLV
2020-06-19,101.33999633789062,99.70999908447266,100.93000030517578,100.75,12177000.0,98.7876205444336,XLV
2020-06-22,100.08000183105469,98.91000366210938,99.91000366210938,99.94000244140625,6889200.0,98.40852355957031,XLV
2020-06-23,101.2300033569336,100.18000030517578,100.62999725341797,100.37000274658203,5369900.0,98.8319320678711,XLV
2020-06-24,99.81999969482422,97.04000091552734,99.62000274658203,97.75,15739700.0,96.2520751953125,XLV
2020-06-25,98.83000183105469,96.83999633789062,97.66000366210938,98.70999908447266,10506300.0,97.1973648071289,XLV
2020-06-26,98.77999877929688,97.04000091552734,98.52999877929688,97.51000213623047,16631400.0,96.01575469970703,XLV
2020-06-29,98.56999969482422,97.5199966430664,98.27999877929688,98.38999938964844,7490200.0,96.88227844238281,XLV
2020-06-30,100.5999984741211,98.12999725341797,98.41999816894531,100.06999969482422,9183000.0,98.53652954101562,XLV
2020-07-01,101.26000213623047,99.91000366210938,100.54000091552734,100.83999633789062,10932800.0,99.29472351074219,XLV
2020-07-02,102.18000030517578,101.37999725341797,101.7300033569336,101.5999984741211,6502400.0,100.04307556152344,XLV
2020-07-06,103.22000122070312,102.13999938964844,102.7699966430664,102.62999725341797,6374400.0,101.05728912353516,XLV
2020-07-07,102.97000122070312,101.5999984741211,101.87999725341797,101.73999786376953,5913200.0,100.1809310913086,XLV
2020-07-08,102.4000015258789,101.06999969482422,102.08999633789062,101.75,5624900.0,100.19078063964844,XLV
2020-07-09,102.0199966430664,99.68000030517578,101.63999938964844,100.94999694824219,10521700.0,99.40304565429688,XLV
2020-07-10,101.12999725341797,99.97000122070312,101.02999877929688,100.70999908447266,10502700.0,99.16671752929688,XLV
2020-07-13,103.1500015258789,101.0199966430664,101.29000091552734,101.27999877929688,10167200.0,99.72798156738281,XLV
2020-07-14,103.45999908447266,100.8499984741211,101.04000091552734,103.29000091552734,10889900.0,101.7071762084961,XLV
2020-07-15,104.93000030517578,103.83000183105469,104.05000305175781,104.62999725341797,9606900.0,103.02664947509766,XLV
2020-07-16,104.54000091552734,103.72000122070312,104.52999877929688,104.45999908447266,6412200.0,102.85926055908203,XLV
2020-07-17,106.25,104.86000061035156,105.01000213623047,105.88999938964844,7548600.0,104.26734161376953,XLV
2020-07-20,106.48999786376953,105.5199966430664,106.12999725341797,105.87000274658203,6776300.0,104.24764251708984,XLV
2020-07-21,106.62999725341797,105.58000183105469,106.2300033569336,105.80000305175781,7458600.0,104.17872619628906,XLV
2020-07-22,106.93000030517578,105.7300033569336,106.27999877929688,106.75,5648400.0,105.11416625976562,XLV
2020-07-23,107.52999877929688,105.91999816894531,107.08999633789062,106.2699966430664,6970100.0,104.64151000976562,XLV
2020-07-24,106.16000366210938,104.43000030517578,106.0999984741211,105.0999984741211,6241000.0,103.48944854736328,XLV
2020-07-27,106.16000366210938,104.7300033569336,105.05999755859375,105.88999938964844,5934200.0,104.26734161376953,XLV
2020-07-28,106.47000122070312,105.56999969482422,105.94000244140625,105.7699966430664,6239400.0,104.14917755126953,XLV
2020-07-29,107.30999755859375,105.94000244140625,106.01000213623047,106.87999725341797,5449800.0,105.24217224121094,XLV
2020-07-30,106.31999969482422,105.0,105.8499984741211,106.13999938964844,5349200.0,104.51351165771484,XLV
2020-07-31,106.0999984741211,104.1500015258789,105.80999755859375,105.52999877929688,6920400.0,103.91285705566406,XLV
2020-08-03,106.97000122070312,106.0,106.19000244140625,106.62000274658203,8811800.0,104.98614501953125,XLV
2020-08-04,106.62999725341797,105.48999786376953,106.37999725341797,106.1500015258789,6092900.0,104.52335357666016,XLV
2020-08-05,106.83000183105469,106.37000274658203,106.7300033569336,106.63999938964844,4406600.0,105.00584411621094,XLV
2020-08-06,106.95999908447266,105.30000305175781,106.51000213623047,106.06999969482422,5369700.0,104.44458770751953,XLV
2020-08-07,106.43000030517578,105.66000366210938,105.95999908447266,106.41000366210938,4274000.0,104.77938079833984,XLV
2020-08-10,106.5199966430664,105.7699966430664,106.43000030517578,106.05000305175781,4640200.0,104.42489624023438,XLV
2020-08-11,106.73999786376953,105.12999725341797,106.63999938964844,105.37999725341797,8115900.0,103.7651596069336,XLV
2020-08-12,107.48999786376953,105.91000366210938,105.94999694824219,107.1500015258789,8205500.0,105.50802612304688,XLV
2020-08-13,107.12000274658203,106.29000091552734,107.0199966430664,107.01000213623047,5323300.0,105.37018585205078,XLV
2020-08-14,107.27999877929688,106.38999938964844,106.80999755859375,106.80000305175781,3826200.0,105.16339874267578,XLV
2020-08-17,107.83999633789062,106.94000244140625,106.98999786376953,107.43000030517578,4610200.0,105.78373718261719,XLV
2020-08-18,107.83000183105469,106.83999633789062,107.6500015258789,107.4000015258789,4220500.0,105.75420379638672,XLV
2020-08-19,107.80000305175781,106.81999969482422,107.5,107.05000305175781,6308100.0,105.4095687866211,XLV
2020-08-20,106.94999694824219,106.43000030517578,106.58000183105469,106.70999908447266,4938300.0,105.07477569580078,XLV
2020-08-21,106.95999908447266,105.98999786376953,106.54000091552734,106.81999969482422,6466700.0,105.18309020996094,XLV
2020-08-24,107.37000274658203,105.68000030517578,107.33000183105469,106.33000183105469,6363200.0,104.70059967041016,XLV
2020-08-25,107.08999633789062,106.45999908447266,106.87000274658203,107.05000305175781,5096500.0,105.4095687866211,XLV
2020-08-26,107.04000091552734,105.7699966430664,106.83000183105469,106.91999816894531,6995300.0,105.28155517578125,XLV
2020-08-27,108.26000213623047,106.33999633789062,107.0999984741211,107.76000213623047,7775200.0,106.10869598388672,XLV
2020-08-28,108.05999755859375,107.19999694824219,108.05999755859375,108.0,5159600.0,106.34500885009766,XLV
2020-08-31,108.77999877929688,107.68000030517578,107.7699966430664,108.26000213623047,6721100.0,106.60102844238281,XLV
2020-09-01,108.29000091552734,106.63999938964844,108.12000274658203,107.29000091552734,10999300.0,105.6458969116211,XLV
2020-09-02,109.7300033569336,106.94000244140625,107.38999938964844,109.44000244140625,8495800.0,107.762939453125,XLV
2020-09-03,109.73999786376953,105.69999694824219,109.58000183105469,106.45999908447266,13337300.0,104.82859802246094,XLV
2020-09-04,107.0199966430664,104.41000366210938,106.83000183105469,105.69999694824219,14715500.0,104.08025360107422,XLV
2020-09-08,105.56999969482422,103.66999816894531,105.52999877929688,103.95999908447266,9660200.0,102.36691284179688,XLV
2020-09-09,106.66999816894531,104.72000122070312,104.73999786376953,105.80000305175781,8200800.0,104.17872619628906,XLV
2020-09-10,106.0999984741211,103.9000015258789,106.0999984741211,104.18000030517578,9186200.0,102.58354949951172,XLV
2020-09-11,105.08999633789062,103.79000091552734,104.66999816894531,104.58999633789062,8764300.0,102.98726654052734,XLV
2020-09-14,106.66000366210938,105.2300033569336,105.44000244140625,106.08999633789062,5846900.0,104.46427154541016,XLV
2020-09-15,107.08000183105469,105.95999908447266,106.63999938964844,106.2300033569336,5580500.0,104.60213470458984,XLV
2020-09-16,107.01000213623047,105.93000030517578,106.80000305175781,106.05000305175781,7193300.0,104.42489624023438,XLV
2020-09-17,106.05999755859375,104.7300033569336,105.06999969482422,105.69999694824219,7597300.0,104.08025360107422,XLV
2020-09-18,106.22000122070312,104.55999755859375,105.83000183105469,105.54000091552734,8649300.0,103.9227066040039,XLV
2020-09-21,103.72000122070312,101.73999786376953,103.72000122070312,103.18000030517578,8783000.0,102.00286865234375,XLV
2020-09-22,103.27999877929688,102.02999877929688,103.01000213623047,102.95999908447266,7833300.0,101.78536987304688,XLV
2020-09-23,103.43000030517578,101.80000305175781,103.38999938964844,101.9000015258789,7681900.0,100.73746490478516,XLV
2020-09-24,101.9000015258789,100.7699966430664,101.54000091552734,101.38999938964844,8434600.0,100.2332763671875,XLV
2020-09-25,103.30000305175781,100.93000030517578,101.04000091552734,103.0199966430664,6769000.0,101.84468841552734,XLV
2020-09-28,104.76000213623047,103.75,104.01000213623047,103.94999694824219,6511100.0,102.76407623291016,XLV
2020-09-29,104.66000366210938,103.41000366210938,104.12999725341797,103.81999969482422,5402700.0,102.63556671142578,XLV
2020-09-30,106.33000183105469,104.12000274658203,104.13999938964844,105.4800033569336,7565500.0,104.27662658691406,XLV
2020-10-01,106.4000015258789,104.66999816894531,105.97000122070312,105.12000274658203,9113200.0,103.92073822021484,XLV
2020-10-02,105.20999908447266,103.70999908447266,104.12000274658203,104.16000366210938,8628700.0,102.97168731689453,XLV
2020-10-05,106.41000366210938,104.87999725341797,104.91000366210938,106.30000305175781,6661200.0,105.08727264404297,XLV
2020-10-06,106.66000366210938,104.79000091552734,106.5999984741211,104.88999938964844,7747200.0,103.69335174560547,XLV
2020-10-07,107.19999694824219,105.61000061035156,105.62999725341797,106.87000274658203,7873100.0,105.65076446533203,XLV
2020-10-08,107.73999786376953,107.16000366210938,107.48999786376953,107.38999938964844,5942700.0,106.16482543945312,XLV
2020-10-09,108.68000030517578,107.70999908447266,107.98999786376953,108.36000061035156,5636300.0,107.12377166748047,XLV
2020-10-12,109.52999877929688,108.48999786376953,108.8499984741211,109.0999984741211,5065000.0,107.8553237915039,XLV
2020-10-13,109.0199966430664,107.98999786376953,108.44999694824219,108.2699966430664,6773600.0,107.03478240966797,XLV
2020-10-14,108.68000030517578,107.30000305175781,108.2300033569336,107.63999938964844,5999900.0,106.41197967529297,XLV
2020-10-15,107.05999755859375,106.12999725341797,106.30999755859375,106.86000061035156,6197700.0,105.64087677001953,XLV
2020-10-16,108.72000122070312,107.16999816894531,107.20999908447266,107.91999816894531,7462100.0,106.68878173828125,XLV
2020-10-19,108.52999877929688,105.8499984741211,108.19999694824219,106.20999908447266,8308500.0,104.998291015625,XLV
2020-10-20,107.2300033569336,106.16999816894531,106.58999633789062,106.3499984741211,7421100.0,105.1366958618164,XLV
2020-10-21,106.63999938964844,105.56999969482422,106.33999633789062,105.81999969482422,5474300.0,104.61273956298828,XLV
2020-10-22,107.61000061035156,105.95999908447266,105.97000122070312,107.41999816894531,6127100.0,106.19448852539062,XLV
2020-10-23,108.5999984741211,107.20999908447266,107.95999908447266,107.81999969482422,5697900.0,106.58992767333984,XLV
2020-10-26,107.08000183105469,105.5999984741211,106.94999694824219,106.62000274658203,8135500.0,105.40361785888672,XLV
2020-10-27,106.76000213623047,105.83000183105469,106.2300033569336,105.88999938964844,6893100.0,104.68194580078125,XLV
2020-10-28,104.7699966430664,102.4000015258789,104.13999938964844,102.52999877929688,11431700.0,101.36028289794922,XLV
2020-10-29,102.91000366210938,101.05999755859375,102.45999908447266,101.69000244140625,15974200.0,100.52986145019531,XLV
2020-10-30,102.16000366210938,100.30999755859375,101.55999755859375,101.66000366210938,10741700.0,100.50020599365234,XLV
2020-11-02,103.7300033569336,102.41000366210938,103.16000366210938,103.48999786376953,10287300.0,102.30931854248047,XLV
2020-11-03,106.13999938964844,104.68000030517578,104.76000213623047,105.0,9812900.0,103.8021011352539,XLV
2020-11-04,111.41999816894531,107.77999877929688,107.98999786376953,109.66000366210938,25531500.0,108.408935546875,XLV
2020-11-05,111.25,109.68000030517578,111.16999816894531,109.87999725341797,12864800.0,108.62642669677734,XLV
2020-11-06,110.66999816894531,109.20999908447266,110.0,109.91999816894531,12311200.0,108.66596221923828,XLV
2020-11-09,114.41000366210938,110.80999755859375,113.91999816894531,110.94999694824219,20443000.0,109.68421173095703,XLV
2020-11-10,111.66999816894531,110.06999969482422,111.45999908447266,111.2699966430664,12526500.0,110.00055694580078,XLV
2020-11-11,112.16000366210938,110.58999633789062,112.16000366210938,111.12999725341797,9935400.0,109.8621597290039,XLV
2020-11-12,111.36000061035156,109.9800033569336,110.91999816894531,110.72000122070312,7856300.0,109.45684051513672,XLV
2020-11-13,112.55000305175781,111.06999969482422,111.2699966430664,112.12000274658203,6576100.0,110.84086608886719,XLV
2020-11-16,113.19000244140625,111.37000274658203,113.01000213623047,111.93000030517578,7586000.0,110.65303802490234,XLV
2020-11-17,111.61000061035156,110.66999816894531,111.36000061035156,111.19999694824219,8898100.0,109.93136596679688,XLV
2020-11-18,111.4800033569336,109.0999984741211,111.44000244140625,109.12999725341797,9849900.0,107.8849868774414,XLV
2020-11-19,109.22000122070312,108.23999786376953,109.12999725341797,109.05000305175781,10410900.0,107.80589294433594,XLV
2020-11-20,109.30999755859375,108.41999816894531,108.80000305175781,108.80000305175781,7674500.0,107.55874633789062,XLV
2020-11-23,109.4000015258789,107.83999633789062,109.33999633789062,108.5199966430664,7747700.0,107.28193664550781,XLV
2020-11-24,109.58000183105469,108.47000122070312,109.05000305175781,108.83999633789062,9615900.0,107.5982894897461,XLV
2020-11-25,109.05000305175781,107.98999786376953,108.97000122070312,108.44000244140625,11671800.0,107.20285034179688,XLV
2020-11-27,109.5199966430664,108.52999877929688,108.87999725341797,109.44000244140625,4443900.0,108.19144439697266,XLV
2020-11-30,109.83999633789062,108.9000015258789,109.4800033569336,109.73999786376953,12723400.0,108.48802185058594,XLV
2020-12-01,111.87000274658203,110.47000122070312,110.80000305175781,110.66000366210938,12682400.0,109.39752960205078,XLV
2020-12-02,111.68000030517578,110.66999816894531,110.73999786376953,111.48999786376953,8552400.0,110.21805572509766,XLV
2020-12-03,111.79000091552734,110.87000274658203,111.44999694824219,111.3499984741211,9795700.0,110.07965087890625,XLV
2020-12-04,112.55999755859375,111.25,111.38999938964844,112.54000091552734,7859600.0,111.2560806274414,XLV
2020-12-07,112.5199966430664,111.44000244140625,112.41999816894531,111.8499984741211,5803200.0,110.57395935058594,XLV
2020-12-08,112.79000091552734,111.54000091552734,111.58000183105469,112.69999694824219,7953200.0,111.41424560546875,XLV
2020-12-09,113.16000366210938,111.80999755859375,113.1500015258789,112.30999755859375,7386400.0,111.02870178222656,XLV
2020-12-10,112.73999786376953,111.88999938964844,112.29000091552734,112.12000274658203,5411000.0,110.84086608886719,XLV
2020-12-11,111.93000030517578,110.91000366210938,111.66000366210938,111.68000030517578,5222400.0,110.40589141845703,XLV
2020-12-14,113.08999633789062,110.7699966430664,112.52999877929688,110.83999633789062,8469300.0,109.5754623413086,XLV
2020-12-15,112.27999877929688,111.0199966430664,111.61000061035156,112.04000091552734,5007500.0,110.76177978515625,XLV
2020-12-16,112.33999633789062,111.2300033569336,111.94000244140625,111.70999908447266,5355400.0,110.435546875,XLV
2020-12-17,112.9800033569336,111.87999725341797,111.88999938964844,112.91000366210938,4263700.0,111.62185668945312,XLV
2020-12-18,113.2699966430664,111.79000091552734,113.0199966430664,113.0,7876700.0,111.71083068847656,XLV
2020-12-21,111.51000213623047,109.37000274658203,110.87000274658203,111.41000366210938,6129600.0,110.59309387207031,XLV
2020-12-22,111.47000122070312,110.44000244140625,111.20999908447266,111.06999969482422,13104100.0,110.25558471679688,XLV
2020-12-23,111.97000122070312,111.06999969482422,111.45999908447266,111.1500015258789,3920700.0,110.33499908447266,XLV
2020-12-24,111.68000030517578,111.05000305175781,111.19999694824219,111.47000122070312,1674700.0,110.65264892578125,XLV
2020-12-28,112.30000305175781,111.44999694824219,112.05000305175781,111.75,4390100.0,110.93059539794922,XLV
2020-12-29,112.79000091552734,111.9000015258789,112.2699966430664,112.27999877929688,5053300.0,111.45671081542969,XLV
2020-12-30,112.88999938964844,112.13999938964844,112.51000213623047,112.26000213623047,3563700.0,111.43685913085938,XLV
